word,meaning,category
resume,이력서,toeic
applicant,지원자,toeic
requirement,필요조건,toeic
meet,만족시키다,toeic
qualified,자격있는,toeic
candidate,후보자,toeic
confidence,확신,toeic
highly,매우,toeic
professional,전문적인,toeic
interview,면접,toeic
hire,고용하다,toeic
training,교육,toeic
reference,추천서,toeic
position,일자리,toeic
achievement,성취,toeic
impressed,인상 깊게 생각하는,toeic
excellent,훌륭한,toeic
eligible,자격이 있는,toeic
identify,알아보다,toeic
associate,관련시키다,toeic
condition,조건,toeic
employment,고용,toeic
lack,~이 없다,toeic
managerial,관리의,toeic
diligent,성실한,toeic
familiar,익숙한,toeic
proficiency,숙달,toeic
prospective,장래의,toeic
appeal,관심을 끌다,toeic
specialize,~을 전공하다,toeic
apprehensive,걱정하는,toeic
consultant,고문,toeic
entitle,자격을 주다,toeic
degree,학위,toeic
payroll,임금대장,toeic
recruit,모집하다,toeic
certification,증명서,toeic
occupation,직업,toeic
wage,임금,toeic
attire,복장,toeic
code,규범,toeic
concern,우려,toeic
policy,규정; 보험,toeic
comply,준수하다,toeic
regulation,규정,toeic
exception,예외,toeic
adhere,지키다,toeic
severely,엄격하게,toeic
refrain,자제하다,toeic
permission,허락,toeic
access,이용권한,toeic
thoroughly,철저하게,toeic
revise,수정하다,toeic
approach,접근법,toeic
approval,승인,toeic
form,종류,toeic
immediately,즉시,toeic
inspection,점검,toeic
arrangement,준비,toeic
procedure,절차,toeic
negative,부정적인,toeic
mandate,명령하다,toeic
effect,효력,toeic
drastically,심하게,toeic
according to,~에 따라,toeic
enable,가능하게 하다,toeic
standard,기준,toeic
constant,지속적인,toeic
act,법령,toeic
compensation,보상금,toeic
ban,금지,toeic
obligation,의무,toeic
authorize,~을 인가하다,toeic
prohibit,금지하다,toeic
abolish,폐지하다,toeic
enforce,시행하다,toeic
habit,습관,toeic
lagislation,법률,toeic
restrict,한정하다,toeic
accustomed,익숙한,toeic
corporatiion,주식회사,toeic
demanding,요구가 많은,toeic
colleague,동료,toeic
division,부서,toeic
request,요청,toeic
efficiently,효율적으로,toeic
submit,제출하다,toeic
directly,곧바로,toeic
remind,~에게 상기시키다,toeic
instruct,지시하다,toeic
deadline,마감일,toeic
sample,견본,toeic
notify,~에게 통지하다,toeic
perform,행하다,toeic
monitor,감독하다,toeic
deserve,~할 만하다,toeic
assignment,일,toeic
entire,전체의,toeic
release,발표하다,toeic
extension,연장,toeic
electronically,컴퓨터 통신망으로,toeic
attendance,출석,toeic
absolutely,절대적으로,toeic
delegate,위임하다. 대표,toeic
attentively,주의 깊게,toeic
supervision,감독,toeic
workshop,워크숍,toeic
draw,끌다,toeic
revision,수정,toeic
reluctantly,마지못해,toeic
acquaint,~에게 숙지시키다,toeic
convey,전달하다,toeic
check,검사하다,toeic
headquarters,본부,toeic
file,정리하다,toeic
oversee,감독하다 ,toeic
involved,관여하는,toeic
concentrate,집중하다,toeic
lax,느슨한,toeic
procrastinate,미루다,toeic
combined,결합된,toeic
accomplish,성취하다,toeic
voluntarily,자발적으로,toeic
undertake,떠맡다,toeic
occasionally,가끔,toeic
employee,직원,toeic
assist,돕다,toeic
satisfied,만족하는,toeic
manner,방식,toeic
responsible,책임이 있는,toeic
conduct,수행하다,toeic
adjust,적응하다,toeic
personnel,직원,toeic
agree,동의하다,toeic
supervise,감독하다,toeic
coworker,동료,toeic
direct,~에게 길을 안내하다,toeic
confidential,기밀의,toeic
assign,배정하다,toeic
leading,선도적인,toeic
formal,격식을 갖춘,toeic
remove,해임하다,toeic
collect,모으다,toeic
coordinate,조정하다,toeic
hardly,거의~하지않다,toeic
abstract,추상적인,toeic
directory,주소록,toeic
accountable,책임이 있는,toeic
skillfully,능숙하게,toeic
exclusive,독점적인,toeic
intention,의지,toeic
transform,바꾸다,toeic
respectful,정중한,toeic
duplicate,사본,toeic
contrary,반대,toeic
disturbing,충격적인,toeic
engage,관여하다,toeic
foster,촉진하다,toeic
neutrality,중립성,toeic
widely,널리,toeic
sophisticated,정교한,toeic
timely,시기적절한,toeic
realistically,현실적으로,toeic
promptly,즉시; 정각에,toeic
implement,실시하다,toeic
feedback,의견,toeic
outstanding,우수한; 미지불된,toeic
inform,~에게 알리다,toeic
replacement,교체,toeic
announcement,공고,toeic
department,부서,toeic
permanently,영구적으로,toeic
fulfill,지키다,toeic
outline,개요,toeic
explain,설명하다,toeic
contain,포함하다,toeic
compile,편집하다; 모으다,toeic
subsequent,차후의,toeic
overview,개요,toeic
provider,공급자,toeic
matter,문제,toeic
expertise,전문지식,toeic
demonstrate,증명하다; 설명하다,toeic
remainder,나머지,toeic
essential,필수적인,toeic
divide,분배하다,toeic
major,주요한,toeic
compliance,준수,toeic
clarify,명확하게 하다,toeic
face,직면하다; 향하다,toeic
aspect,관점,toeic
apparently,보기에 ~한 듯한,toeic
aware,알고 있는,toeic
extended,연장한,toeic
accidentally,뜻하지 않게,toeic
advisable,바람직한,toeic
concerned,염려하는,toeic
speak,이야기 하다,toeic
collection,소장품,toeic
exhibition,전시회,toeic
celebrity,유명인사,toeic
live,생방송인,toeic
improvise,즉흥적으로 하다,toeic
popular,인기있는,toeic
donation,기증,toeic
alumni,동창생들,toeic
present,제시하다,toeic
admission,입장,toeic
banquet,연회,toeic
anniversary,기념일,toeic
required,필수의,toeic
succeed,성공하다,toeic
rest,쉬다,toeic
fund-raising,모금,toeic
issue,제 ~호; 문제,toeic
subscription, 구독,toeic
appear,나타나다,toeic
accompany,동행하다,toeic
edition,판,toeic
specifically,명확하게,toeic
anonymous,익명의,toeic
commit,헌신하다,toeic
information,유익한,toeic
audience,청중,toeic
author,작가,toeic
antique,골동품,toeic
manuscript,원고,toeic
beneficial,유익한,toeic
upcoming,곧 있을,toeic
lend,빌려주다,toeic
current,현재의,toeic
local,지방의,toeic
variety,다양성,toeic
advocate,옹호자,toeic
contributor,기고가,toeic
fascinating,매혹적인,toeic
showing,상영; 전시,toeic
survey,설문조사,toeic
analysis,분석,toeic
respondent,응답자,toeic
competition,경쟁,toeic
consistently,항상,toeic
demand,수요,toeic
do one's utmost,전력을 다하다,toeic
expand,확장하다,toeic
advanced,고급의; 진보한,toeic
postpone,연기하다,toeic
additional,추가의,toeic
demonstration,설명; 드러냄,toeic
buy,사다,toeic
examine,조사하다,toeic
effective,효과적인; 발표되는,toeic
like,좋아하다,toeic
especially,특히,toeic
closely,면밀히,toeic
reserve,예약하다,toeic
cooperate,협력하다,toeic
very,매우,toeic
consecutive,연속적인,toeic
expectation,예상,toeic
publicize,공표하다; 광고하다,toeic
raise,높이다,toeic
extremely,극도로,toeic
affect,~에 영향을 미치다,toeic
target,목표,toeic
campaign,운동,toeic
probable,개연성이 높은,toeic
focus,집중시키다,toeic
seasonal,계절의,toeic
impact,영향,toeic
comparison,비교,toeic
gap,격차,toeic
mounting,증가하는,toeic
reflective,반영하는,toeic
advertisement,광고,toeic
marginal,약간의; 주변의,toeic
customer,고객,toeic
influence,~에 영향을 주다,toeic
instantly,즉각적으로,toeic
creative,창조적인,toeic
aggressively,적극적으로,toeic
aim,~을 겨누다,toeic
strategy,전략,toeic
indicate,보여주다,toeic
attract,끌다,toeic
experience,경험,toeic
analyze,분석하다,toeic
introduce,발표하다,toeic
advise,조언해주다,toeic
subscribe,구독하다,toeic
absence,부재; 결근,toeic
means,방법,toeic
prefer,~을 더 좋아하다,toeic
advantage,이점,toeic
forward,앞으로,toeic
contemporary,동시대의; 현대의,toeic
discussion,토론,toeic
initial,처음의,toeic
steadily,착실하게; 꾸준히,toeic
necessarily,반드시,toeic
resolve,해결하다,toeic
detect,간파하다,toeic
intensify,강화하다,toeic
favorably,호의적으로; 순조롭게,toeic
less,보다 적은,toeic
majority,대부분,toeic
adopt,채택하다,toeic
largely,주로,toeic
disregard,소홀히 하다,toeic
effort,노력,toeic
incentive,혜택,toeic
need,필요,toeic
mastermind,입안자,toeic
stagnant,침체된,toeic
dramatically,극적으로,toeic
brisk,활발한,toeic
unstable,불안정한,toeic
rapidly,급속히,toeic
soar,폭등하다,toeic
assert,단언하다,toeic
boost,부양시키다,toeic
analyst,분석가,toeic
potential,잠재적인,toeic
pleased,만족해하는,toeic
limited,제한된,toeic
costly,비용이 많이 드는,toeic
particular,특정한,toeic
drastic,과감한,toeic
evenly,고르게,toeic
evidence,증거,toeic
prospect,전망,toeic
lead,이글다,toeic
fall,하락하다,toeic
period,기간,toeic
indicator,지표,toeic
industry,산업,toeic
likely,~할 것 같은,toeic
boom,붐,toeic
director,임원,toeic
substitute,대용품,toeic
consequence,결과,toeic
fairly,상당히,toeic
economical,경제적인,toeic
thrive,번영하다,toeic
implication,영향,toeic
wane,감소,toeic
prosperity,번영 ,toeic
depression,불황 ,toeic
dwindle,줄어들다,toeic
impede,저해하다,toeic
promising,유망한,toeic
adversity,역경,toeic
purchase,구매하다,toeic
installment,할부,toeic
affordable,알맞은,toeic
exactly,정확히,toeic
auction,경매,toeic
authentic,진정한,toeic
charge,요금,toeic
notice,통지,toeic
experienced,경험이 있는,toeic
instruction,설명,toeic
expert,전문가,toeic
warranty,보증,toeic
refund,환불,toeic
subscriber,가입자,toeic
delivery,배달,toeic
price,가격,toeic
receipt,영수증,toeic
offer,제공하다,toeic
carefully,주의깊게,toeic
benefit,혜택,toeic
exclusively,오로지,toeic
description,설명,toeic
relatively,상대적으로,toeic
spare,아끼다,toeic
preparation,준비,toeic
area,지역,toeic
clearance,정리,toeic
alter,고치다,toeic
apply,적용하다; 지원하다,toeic
mutually,서로,toeic
method,방식,toeic
acceptable,용인되는,toeic
desire,욕구,toeic
officially,공식적으로,toeic
consumption,소비,toeic
qualify,~의 자격을 얻다,toeic
fabric,섬유,toeic
valid,유효한,toeic
vendor,노점상,toeic
research,연구,toeic
devise,고안하다,toeic
revolutionary,혁명적인,toeic
innovative,혁신적인,toeic
feature,특징,toeic
inspiration,영감,toeic
sufficiently,충분히,toeic
patent,특허,toeic
envision,계획하다,toeic
following,~후에,toeic
grant,수여하다,toeic
allow,~하게 하다,toeic
inspect,~을 검사하다,toeic
improve,향상시키다,toeic
increasingly,점점,toeic
invest,투자하다,toeic
various,여러 가지의,toeic
upgrade,업그레이드,toeic
manual,설명서,toeic
explore,조사하다,toeic
response,응답,toeic
appearance,외관,toeic
successful,성공적인,toeic
hold,~을 수용하다,toeic
advance,진보,toeic
reliable,믿을 만한,toeic
quality,품질,toeic
domestic,국내의,toeic
development,개발,toeic
availability,가능성,toeic
update,갱신,toeic
accurate,정확한,toeic
complicate,복잡한,toeic
accomplished,숙련된,toeic
inquiry,문의,toeic
indication,징후,toeic
manufacturer,제조회사,toeic
compatible,호환되는,toeic
superior,우수한,toeic
absolute,완전한,toeic
broaden,넓히다,toeic
corrosion,부식,toeic
equipment,장비,toeic
automate,자동화하다,toeic
specification,명세서,toeic
properly,제대로,toeic
safety,안전,toeic
precaution,예방조치,toeic
operate,작동하다,toeic
processing,가공,toeic
capacity,용량,toeic
assemble,조립하다;모으다,toeic
utilize,이용하다,toeic
fill,~을 채우다; 이행하다,toeic
manufacturing,제조의,toeic
renovate,개조하다,toeic
decision,결정,toeic
material,재료,toeic
success,성과,toeic
attribute,~의 덕분으로 돌리다,toeic
efficiency,효율,toeic
limit,한계,toeic
tailored,맞춤의,toeic
component,부품,toeic
capable,~을 할 수 있는,toeic
economize,절약하다,toeic
flexible,융통성 있는; 유연한,toeic
comparable,필적하는,toeic
produce,생산하다,toeic
respectively,각각,toeic
device,장치,toeic
trim,다듬다,toeic
launch,출시하다,toeic
separately,개별적으로,toeic
expiration,만료,toeic
maneuver,이동시키다,toeic
coming,다가오는,toeic
damaged,손상된,toeic
prevent,~을 막다,toeic
power,전력,toeic
chemical,화학제품,toeic
complaint,불평,toeic
argumentative,논쟁적인,toeic
appropriately,적절하게,toeic
respond,응답하다,toeic
infuriate,화나게하다,toeic
courteous,예의바른,toeic
satisfaction,만족,toeic
inconvenience,불편,toeic
complete,완료하다,toeic
specific,구체적인,toeic
return,반환하다,toeic
replace,~을 교체하다,toeic
presentation,발표,toeic
evaluation,평가,toeic
confident,자신 있는,toeic
cause,~을 야기하다,toeic
commentary,해설,toeic
notification,통지,toeic
apologize,사과하다,toeic
interact,소통하다,toeic
certain,확신하는,toeic
commitment,헌신,toeic
biography,약력,toeic
depend on,~에 달려 있다,toeic
combine,결합시키다,toeic
priority,우선권,toeic
observe,관찰하다,toeic
defective,결함이 있는,toeic
reflect,반영하다,toeic
attitude,태도,toeic
disappoint,실망시키다,toeic
inquire,문의하다,toeic
insert,삽입하다,toeic
disclose,공개하다,toeic
guarantee,보장하다,toeic
politely,공손하게,toeic
seriously,진지하게,toeic
international,국제적인,toeic
attraction,관광 명소,toeic
itinerary,여행 일정,toeic
exotic,이국적인,toeic
diverse,다양한,toeic
superb,최고의,toeic
baggage,수화물,toeic
destination,목적지,toeic
missing,분실된,toeic
approximately,대략,toeic
duty,관세,toeic
process,과정,toeic
board,탑승하다,toeic
comfortable,편안한,toeic
declare,신고하다,toeic
specify,명시하다 ,toeic
depart,출발하다,toeic
emergency,비상시,toeic
passenger,승객,toeic
outgoing,출발하는,toeic
tightly,단단히,toeic
tour,견학,toeic
carrier,항공사,toeic
customarily,관례상,toeic
confuse,혼란시키다 ,toeic
arrive,도착하다,toeic
brochure,소책자,toeic
involve,수반하다,toeic
ship,운송하다,toeic
suitcase,여행가방,toeic
unavailable,이용할 수 없는,toeic
fill out/in,기입하다,toeic
customs,세관,toeic
away,떨어져서,toeic
dramatic,멋진,toeic
hospitality,환대,toeic
indulge,빠지다,toeic
proximity,가까움,toeic
seating,좌석 설비; 좌석 배열,toeic
unlimited,무제한의,toeic
proposal,제안,toeic
alliance,동맹,toeic
stipulation,계약 조건,toeic
term,조건; 임기,toeic
compromise,타협,toeic
negotiation,협상,toeic
agreement,계약,toeic
deadlock,교착 상태,toeic
review,검토하다,toeic
contract,계약,toeic
signature,서명,toeic
originally,원래,toeic
direction,방향,toeic
initially,처음에,toeic
expire,만료되다,toeic
collaborate,협력하다,toeic
dedicate,전념하다,toeic
revised,수정된,toeic
imperative,반드시 해야 하는,toeic
cooperatively,협력하여,toeic
commission,수수료,toeic
omit,빠뜨리다,toeic
conflict,대립,toeic
renew,갱신하다,toeic
proficient,능숙한,toeic
confidentiality,기밀,toeic
dispute,분쟁,toeic
objection,반대,toeic
define,규정하다,toeic
impression,인상,toeic
security,보안,toeic
option,선택권,toeic
proceed,진행하다,toeic
modify,수정하다,toeic
narrow,좁히다,toeic
bid,입찰,toeic
settle,해결하다,toeic
terminate,끝내다,toeic
challenging,도전적인,toeic
foundation,토대,toeic
completely,전적으로,toeic
refuse,거절하다,toeic
temporarily,일시적으로,toeic
dealer,판매업자,toeic
bulk,대량의,toeic
inventory,재고품,toeic
short,부족한,toeic
cost,비용,toeic
selection,선택된 것,toeic
commercial,상업의,toeic
order,주문하다,toeic
provide,공급하다,toeic
contact,~와 연락하다,toeic
invoice,송장,toeic
move,옮기다,toeic
supply,공급하다,toeic
discount,할인,toeic
distribute,배포하다,toeic
acquisition,인수; 구입한 것,toeic
assure,~에게 보장하다,toeic
seek,구하다,toeic
satisfactory,만족스러운,toeic
confirmation,확인,toeic
unable,~할 수 없는,toeic
payment,지불,toeic
measure,대책,toeic
bargain,특가품,toeic
stock,재고; 주식,toeic
affordability,감당할 수 있는 비용,toeic
clientele,고객들,toeic
acclaim,호평,toeic
represent,~을 대표하다,toeic
rating,등급,toeic
encompass,포함하다,toeic
finalize,마무리 짓다,toeic
market,시장,toeic
retail,소매,toeic
commodity,상품,toeic
quote,견적,toeic
consignment,위탁 판매,toeic
fragile,깨지기 쉬운,toeic
perishable,부패하기 쉬운,toeic
deliver,배달하다; 하다,toeic
ensure,확실하게 하다,toeic
courier,급송 택배,toeic
carton,판지상자,toeic
address,주소,toeic
shipment,선적,toeic
particularly,특히,toeic
adequately,적절히,toeic
article,물품,toeic
efficient,효과적인,toeic
agency,대행 회사,toeic
careful,조심스러운,toeic
carry,지니다; 팔다,toeic
attach,붙이다,toeic
formerly,이전에,toeic
package,소포,toeic
react,반응하다,toeic
content,내용물,toeic
convenience,편의,toeic
caution,주의,toeic
correspondence,편지,toeic
separate,분리하다; 분류하다,toeic
remarkable,현저한,toeic
handle,취급하다,toeic
warehouse,창고,toeic
impose,부과하다,toeic
storage,보관소,toeic
detach,분리하다,toeic
envelope,봉투,toeic
exclusion,제외,toeic
recipient,수신자,toeic
affix,붙이다,toeic
incorrect,부정확한,toeic
step,단계; 조치,toeic
check in,체크인하다,toeic
compensate,보상하다,toeic
complimentary,무료의,toeic
chef,주방장,toeic
container,용기,toeic
elegant,우아한,toeic
flavor,맛,toeic
accommodate,제공하다;만족시키다,toeic
reception,환영회; 접수처,toeic
in advance,미리,toeic
refreshments,다과,toeic
make,~을 하다,toeic
cater,음식물을 공급하다,toeic
reservation,예약,toeic
beverage,음료,toeic
confirm,확인하다,toeic
cancel,취소하다,toeic
rate,요금,toeic
conveniently,편리하게,toeic
decorate,장식하다,toeic
retain,유지하다,toeic
atmosphere,분위기,toeic
cuisine,요리,toeic
sequence,순서,toeic
extensive,광범위한,toeic
prior,전의,toeic
book,예약하다,toeic
amenity,편의 시설,toeic
belongings,소지품,toeic
entirely,완전히,toeic
ease,완화시키다,toeic
ingredient,재료,toeic
sip,음미하며 마시다,toeic
stir,휘젓다,toeic
choice,선택물,toeic
complication,복잡한 문제,toeic
freshness,신선함,toeic
occupancy,이용률,toeic
decline,감소,toeic
markedly,현저하게,toeic
increase,인상,toeic
revenue,수입,toeic
projection,예상,toeic
substantial,상당한,toeic
anticipate,예상하다,toeic
significantly,상당히,toeic
estimate,추정하다,toeic
shift,옮기다,toeic
fee,요금,toeic
production,생산량,toeic
sale,판매,toeic
impressive,굉장한,toeic
representative,직원,toeic
recent,최근의,toeic
exceed,~을 초과하다,toeic
improvement,향상,toeic
employer,고용주,toeic
regular,정기적인; 단골의,toeic
summarize,요약하다,toeic
typically,보통,toeic
whole,전체의,toeic
growth,성장,toeic
figure,총액,toeic
steady,꾸준한; 안정된,toeic
frequent,빈번한,toeic
achieve,달성하다,toeic
assumption,추정,toeic
share,공유하다,toeic
incur,지다,toeic
slightly,약간,toeic
profit,수익,toeic
reliant,의존하는,toeic
illustrate,분명히 보여주다,toeic
inaccurate,부정확한,toeic
percentage,비율,toeic
reduce,줄이다,toeic
tend,~하는 경향이 있다,toeic
audit,회계 감사,toeic
accounting,회계,toeic
budget,예산,toeic
financial,재정의,toeic
curtail,~을 줄이다,toeic
deficit,적자,toeic
recently,최근에,toeic
substantially,크게,toeic
committee,위원회,toeic
frequently,자주,toeic
capability,능력,toeic
proceeds,수익금,toeic
reimburse,변제하다,toeic
considerably,상당히,toeic
adequate,충분한,toeic
total,총계의,toeic
allocate,할당하다,toeic
inspector,조사관,toeic
preferred,선호되는,toeic
quarter,사분기; 4분의1,toeic
interrupt,중단시키다,toeic
browse,흝어보다,toeic
prompt,즉각적인; 신속한,toeic
deduct,공제하다,toeic
measurement,측정,toeic
shorten,단축하다,toeic
amend,수정하다,toeic
calculate,계산하다,toeic
exempt,면제된,toeic
deficient,부족한,toeic
compare,비교하다,toeic
fortunate,운 좋은,toeic
expenditure,지출,toeic
accurately,정확하게,toeic
worth,~의 가치가 있는,toeic
excess,초과,toeic
fiscal,회계의,toeic
incidental,부수적인,toeic
inflation,물가상승,toeic
spend,~을 쓰다,toeic
turnover,총 매상고,toeic
announce,발표하다,toeic
active,적극적인,toeic
accept,수락하다,toeic
foresee,예견하다,toeic
expansion,확장,toeic
relocate,이전하다,toeic
competitor,경쟁업체,toeic
asset,자산,toeic
contribute,기여하다,toeic
dedicated,전념하는,toeic
misplace,잃어버리다,toeic
considerable,상당한,toeic
last,지속되다,toeic
emerge,부상하다,toeic
grow,성장하다,toeic
select,선발하다,toeic
merge,합병하다,toeic
imply,암시하다,toeic
vital,필수적인,toeic
persist,계속하다,toeic
independent,독립적인,toeic
force,세력,toeic
establish,설립하다,toeic
initiate, 착수하다,toeic
enhance, 향상시키다,toeic
renowned,저명한,toeic
informed,정보에 근거한,toeic
minutes,회의록,toeic
waive,적용하지 않다,toeic
authority,권한; 당국,toeic
acquire,매입하다,toeic
surpass,~을 능가하다,toeic
run,~을 운영하다,toeic
edge,우위,toeic
simultaneously,동시에,toeic
reveal,밝히다,toeic
productivity,생산성,toeic
uncertain,확신이 없는,toeic
premier,으뜸의,toeic
agenda,의제,toeic
convene,개최되다,toeic
refute,부인하다,toeic
coordination,조정,toeic
unanimous,만장일치의,toeic
convince,납득시키다,toeic
consensus,여론,toeic
defer,연기하다,toeic
usually,보통,toeic
reschedule,일정을 바꾸다,toeic
meeting,회의,toeic
determine,알아내다; 결정하다,toeic
report,보고하다; 출두하다,toeic
comment,논평하다,toeic
phase,단계,toeic
approve,승인하다,toeic
enclosed,동봉된,toeic
easy,쉬운,toeic
record,기록; 경력,toeic
suggestion,제안,toeic
attention,주의,toeic
object,반대하다,toeic
coincidentally,우연히,toeic
crowded,붐비는,toeic
undergo,겪다,toeic
outcome,결과 ,toeic
narrowly,주의 깊게,toeic
differ,의견을 달리하다,toeic
discuss,논의하다,toeic
give,하다,toeic
brief,~에게 간단히 설명하다,toeic
emphasis,강조,toeic
press,언론,toeic
organize,준비하다,toeic
mention,언급하다,toeic
persuasive,설득력 있는,toeic
understanding,이해심 있는,toeic
adjourn,휴회하다,toeic
constructive,건설적인,toeic
preside,사회를 보다,toeic
irrelevant,관계가 없는,toeic
constraint,제한,toeic
host,주최하다,toeic
annual,매년의,toeic
purpose,목적,toeic
enroll,등록하다,toeic
lecture,강의,toeic
participant,참가자,toeic
attend,참석하다,toeic
encourage,장려하다,toeic
leave,휴가,toeic
recommendation,추천사항,toeic
conference,회의,toeic
schedule,~을 예정하다,toeic
include,포함하다,toeic
result,결과,toeic
register,등록하다,toeic
require,요구하다,toeic
grateful,고마워하는,toeic
overtime,초과근무,toeic
responsibility,부담,toeic
assent,찬성하다,toeic
regard,~을 -으로 간주하다,toeic
tentative,임시적인,toeic
welcome,반가운,toeic
function,행사,toeic
commence,시작되다,toeic
objective,목표,toeic
excited,신이 난,toeic
reimbursement,상환,toeic
treatment,대우,toeic
honor,존경,toeic
emphasize,강조하다,toeic
entry,참가자,toeic
bonus,상여금,toeic
salary,급여,toeic
earn,받다,toeic
arise,발생하다,toeic
labor,노동,toeic
union,노동조합,toeic
existing,기존의,toeic
exploit,착취하다,toeic
appoint,임명하다,toeic
appraisal,평가,toeic
promote,승진시키다; 촉진하다,toeic
skilled,숙련된,toeic
radically,완전히,toeic
exceptional,뛰어난,toeic
appreciation,감사,toeic
evaluate,평가하다,toeic
suggest,제안하다,toeic
preference,선호,toeic
management,경영진,toeic
predict,예측하다,toeic
transfer,보내다; 전근시키다,toeic
award,상,toeic
mandatory,의무적인,toeic
competent,유능한,toeic
performance,실적,toeic
reward,~에 보답하다,toeic
search,찾기,toeic
inexperienced,경험없는,toeic
early,시간상 이른,toeic
designate,지명하다,toeic
executive,경영의,toeic
dedication,헌신,toeic
unanimously,만장일치로,toeic
progress,진행,toeic
congratulate,축하하다,toeic
dismiss,해임하다,toeic
independence,독립성,toeic
participation,참여,toeic
praise,칭찬,toeic
accomplishment,성과,toeic
deliberation,토의,toeic
leadership,리더십,toeic
retire,퇴직하다,toeic
nomination,임명,toeic
reorganize,재편성하다,toeic
serve,근무하다,toeic
encouragement,격려,toeic
resignation,사임,toeic
strictly,엄격히,toeic
congestion,체증,toeic
alleviate,완화하다,toeic
divert,우회시키다,toeic
detour,우회,toeic
fuel,연료,toeic
malfunction,오작동,toeic
permit,허락하다,toeic
transportation,교통,toeic
opportunity,기회,toeic
clearly,명확히,toeic
ongoing,계속 진행 중인,toeic
detailed,상세한,toeic
alternative,대안,toeic
obtain,획득하다,toeic
designated,지정된,toeic
intersection,교차로,toeic
equip,갖추다,toeic
commute,통근하다,toeic
downtown,시내에서,toeic
automotive,자동차의,toeic
closure,폐쇄,toeic
vehicle,차량,toeic
platform,승강장,toeic
official,공무원,toeic
transit,교통,toeic
fare,교통요금,toeic
expense,비용,toeic
trust,신뢰,toeic
head,나아가다,toeic
drive,운전하다,toeic
fine,벌금,toeic
pass,지나가다,toeic
securely,단단하게,toeic
prominently,눈에 잘 띄게,toeic
reserved,예약된,toeic
average,평균치,toeic
collision,충돌,toeic
tow,견인하다,toeic
reverse,뒤의,toeic
obstruct,가리다,toeic
delinquent,연체된,toeic
overdue,기한이 지난,toeic
regrettably,유감스럽게도,toeic
balance,잔고,toeic
deposit,입금하다,toeic
investigation,조사 ,toeic
account,계좌; 설명; 고려,toeic
statement,명세서,toeic
amount,액수,toeic
withdrawal,인출,toeic
previously,이전에,toeic
due,만기가 된,toeic
receive,받다,toeic
expect,예상하다,toeic
certificate,증명서,toeic
document,서류,toeic
spending,소비; 지출,toeic
successfully,성공적으로,toeic
bill,~에게 청구서를 보내다,toeic
pleasure,즐거움,toeic
study,연구,toeic
summary,요약,toeic
temporary,임시의,toeic
lower,줄이다,toeic
transaction,거래,toeic
double,두배로 만들다,toeic
identification,신분증,toeic
dissatisfaction,불만,toeic
in common,공통으로,toeic
interest,관심; 권리; 이자,toeic
reject,거절하다,toeic
relation,관계,toeic
tentatively,임시로,toeic
alternatively,그렇지 않으면,toeic
attentive,주의 깊은,toeic
convert,전환하다,toeic
heavily,몹시,toeic
loan,대출,toeic
unexpected,예기치 않은,toeic
cash,현금으로 바꾸다,toeic
mortgage,대출,toeic
payable,지불해야 하는,toeic
personal,개인의,toeic
investment,투자,toeic
inherently,본질적으로,toeic
secure,확보하다,toeic
foreseeable,예견할 수 있는,toeic
innate,타고난,toeic
property,재산,toeic
on behalf of,~을 대신해서,toeic
lease,임대차,toeic
sponsor,후원하다,toeic
propose,제안하다,toeic
support,후원,toeic
distribution,분배,toeic
consider,고려하다,toeic
nearly,거의,toeic
consent,동의,toeic
gratitude,고마움,toeic
consult,상의하다,toeic
advice,조언,toeic
partially,부분적으로,toeic
evident,분명한,toeic
reliability,신뢰도,toeic
cautious,조심하는,toeic
insight,식견,toeic
portfolio,포트폴리오,toeic
possible,가능한,toeic
speculation,추측,toeic
solely,오로지,toeic
entrepreneur,사업가,toeic
eventually,결국,toeic
shareholder,주주,toeic
outlook,전망,toeic
stability,안정,toeic
bond,채권,toeic
depreciation,가치 하락,toeic
increasing,증가하는,toeic
prevalent,유행하고 있는,toeic
rapid,빠른,toeic
unprecedented,전례 없는,toeic
yield, 가져오다,toeic
furnished,가구가 비치된,toeic
residence,거주지,toeic
spacious,넓은,toeic
drape,장식하다,toeic
unoccupied,비어 있는,toeic
renovation,수리,toeic
appropriate,적당한,toeic
delay,연기하다,toeic
community,지역 사회,toeic
construction,건설,toeic
repair,수리하다,toeic
currently,현재,toeic
regularly,정기적으로,toeic
arrange,배열하다,toeic
location,장소,toeic
restore,복구하다,toeic
presently,현재,toeic
numerous,많은,toeic
abandon,그만두다; 버리다,toeic
contractor,계약자,toeic
develop,개발하다,toeic
maintain,유지하다,toeic
densely,빽빽이,toeic
prepare,준비하다,toeic
finally,결국,toeic
district,지역,toeic
renewal,재개발,toeic
compulsory,의무적인,toeic
interfere,방해하다,toeic
relocation,이전,toeic
totally,완전히,toeic
actually,실제로,toeic
architect,건축가,toeic
enlarge,확장하다,toeic
install,설치하다,toeic
permanent,영구적인,toeic
suppose,생각하다,toeic
adjacent,인접한,toeic
consist,구성되다,toeic
utility,공공시설; 공공요금,toeic
conserve,보전하다,toeic
chance,가능성,toeic
forecast,예보,toeic
waste,쓰레기,toeic
dispose,처분하다,toeic
recycling,재활용,toeic
clear,맑게 갠; 명백한,toeic
damage,피해,toeic
significant,상당한; 중대한,toeic
solution,해결책,toeic
ideal,이상적인,toeic
preserve,보존하다,toeic
aid,원조,toeic
excessive,지나친,toeic
intensively,집중적으로,toeic
vary,다르다,toeic
pleasing,즐거운,toeic
mark,점수,toeic
inaccessible,접근이 불가능한,toeic
disturb,방해하다,toeic
pollutant,오염물질,toeic
emission,배기가스,toeic
dense,빽빽한,toeic
environmental,환경적인,toeic
consistent,일치하는,toeic
leak,누출,toeic
organization,단체,toeic
continually,계속해서,toeic
contaminate,오염시키다,toeic
disaster,재난,toeic
discharge,방출하다,toeic
resource,자원,toeic
prominent,유명한,toeic
deplete,고갈시키다,toeic
purify,정화시키다,toeic
endangered,멸종 위기에 처한,toeic
extinction,멸종,toeic
drought,가뭄,toeic
inflict,입히다,toeic
migration,이동,toeic
ecology,생태,toeic
habitat,서식지,toeic
fatigue,피로,toeic
checkup,건강 진단,toeic
symptom,증상,toeic
physician,내과의사,toeic
diagnosis,진단,toeic
prescribe,처방하다,toeic
recovery,회복,toeic
recognize,인정하다,toeic
join,~에 가입하다,toeic
comprehensive,종합적인,toeic
participate,참여하다,toeic
recommend,권고하다,toeic
necessary,필요한,toeic
ability,능력,toeic
operation,수술,toeic
cleanliness,청결,toeic
duration,지속 기간,toeic
examination,진찰,toeic
eliminate,제거하다,toeic
easily,쉽게,toeic
dental,치과의,toeic
dietary,식이 요법의,toeic
related,관련된,toeic
transmit,전염시키다,toeic
periodically,주기적으로,toeic
reaction,반응,toeic
simple,단순한,toeic
coverage,보도,toeic
exposure,노출,toeic
pharmaceutical,제약의,toeic
premium,보험료,toeic
relieve,완화시키다,toeic
combination,결합,toeic
conscious,알고 있는,toeic
deprivation,박탈,toeic
health,건강; 번영,toeic
induce,유발하다 ,toeic
insurance,보험,toeic
nutrition,영양,toeic
prevention,예방,toeic
susceptible,~에 감염되기 쉬운,toeic
abate,줄이다,toefl
abridge,단축하다,toefl
abstemious,절제하는,toefl
abstruse,난해한,toefl
accolade,명예,toefl
acquiesce,묵인하다,toefl
acrid,매운,toefl
acrimonious,신랄한,toefl
acute,격렬한,toefl
adulation,추종,toefl
adversary,적,toefl
aesthetic (adj),미의,toefl
aesthetic (n),미의식,toefl
affable,붙임성 있는,toefl
affectation,가장,toefl
affirmation,확언,toefl
aggregate,집합,toefl
aloof,냉담한,toefl
altruistic,이타적인,toefl
amass,쌓다,toefl
ambivalence,상반되는 감정,toefl
ambivalent,상반되는 감정을 가진,toefl
ambulatory,보행의,toefl
ameliorate,개선하다,toefl
amiable,붙임성 있는,toefl
amity,우호,toefl
amorphous,무정형의,toefl
ample,광대한,toefl
anachronistic,시대에 맞지 않는,toefl
analogous,유사한,toefl
anarchist,무정부주의자,toefl
anarchy,무정부 상태,toefl
anecdote,일화,toefl
animated,생기가 있는,toefl
animosity,원한,toefl
anomaly,변칙,toefl
antagonism,반대,toefl
antediluvian,노아의 홍수 이전의,toefl
antidote,해독제,toefl
antipathy,반감,toefl
antiquated,낡은,toefl
anxiety,걱정,toefl
apathy,무감동,toefl
apocryphal,저작자가  의심스러운,toefl
appease,달래다,toefl
apprehension,우려,toefl
arable,경작할 수 있는,toefl
arbitrary,제멋대로인,toefl
archaic,고풍의,toefl
ardent,열렬한,toefl
arid,건조한,toefl
arrogance,거만,toefl
arrogant,거만한,toefl
articulate,명료한,toefl
artifact,인공물,toefl
artisan,장인,toefl
ascendancy,우위,toefl
ascetic,고행의,toefl
aspire,열망하다,toefl
assiduous,끊임없는,toefl
assuage,완화하다,toefl
astute,기민한,toefl
atrophy,쇠약,toefl
audacious,대담한,toefl
augment,증가시키다,toefl
auspicious,길조의,toefl
austere,어만,toefl
authoritarian,권위주의자,toefl
autonomous,자치적인,toefl
avarice,탐욕,toefl
aversion,싫음,toefl
avert,돌리다,toefl
banal,진부한,toefl
baneful,파괴적인,toefl
barren,불모의,toefl
bastion,능보,toefl
bear,지탱하다,toefl
beguile,속이다,toefl
belie,속여 나타내다,toefl
belittle,흠잡다,toefl
belligerent,호전적인,toefl
benefactor,은인,toefl
benevolent,자애로운,toefl
benign,친절한,toefl
bequeath,유언으로 증여하다,toefl
bias,성향,toefl
blasphemy,신성모독,toefl
bleak,황량한,toefl
blighted,마른,toefl
blithe,즐거운,toefl
blueprint,청사진,toefl
bolster,덧베개로 받쳐주다,toefl
braggart,허풍선이,toefl
brawn,근육,toefl
brevity,짧음,toefl
buttress,버팀벽,toefl
cacophonous,귀에 거슬리는,toefl
cajole,구슬리다,toefl
calculated,계산된,toefl
candid,솔직한,toefl
candor,솔직,toefl
capricious,변덕스러운,toefl
cardiologist,심장학자,toefl
carping,트집잡는,toefl
caustic,부식성의,toefl
censorious,지나치게 비판적인,toefl
censure,비난,toefl
certitude,확신,toefl
charlatan,허풍선이 돌팔이 의사,toefl
circumlocution, 완곡어법,toefl
circumspect,신중한,toefl
cliché,판에 박은 문구,toefl
coalesce,유착하다,toefl
coercion,강제,toefl
colloquial,구어체의,toefl
combustible,가연성의,toefl
commemorate, 기념하다,toefl
complacency, 자기 만족,toefl
complacent,자기 만족의,toefl
complementary,서로 보완하는,toefl
compliant,유순한,toefl
composure,침착,toefl
concede,인정하다,toefl
conciliate,달래다,toefl
conciliatory,융화적인,toefl
concise,간결한,toefl
concur,일치하다,toefl
condense,응축하다,toefl
condescend,자기를 낮추다,toefl
condone,용서하다,toefl
confine,제한하다,toefl
conflagration,큰 화재,toefl
confluence,합류,toefl
confound,혼동하다,toefl
congenial,마음이 맞는,toefl
conjecture,짐작,toefl
consolidate,결합하다,toefl
conspicuous,눈에 띄는,toefl
contempt,경멸,toefl
contend,싸우다,toefl
contentious,싸우기 좋아하는,toefl
contrite,죄를 깊이 뉘우치는,toefl
contrive,연구하다,toefl
converge,한 점에 모이다,toefl
conviction,유죄 판결,toefl
cordial,마음에서 우러난,toefl
corroborate,확증하다,toefl
corrode,부식하다,toefl
corrugated,물결 모양의,toefl
corrupt,부정한,toefl
credulity,너무 쉽게 믿는 성질,toefl
credulous,잘 믿는,toefl
criterion,표준,toefl
crucial,결정적인,toefl
cryptic,숨은,toefl
culpable,과실 있는,toefl
cursory,서두르는,toefl
dearth,부족,toefl
debilitate, 약하게 하다,toefl
debunk,정체를 폭로하다,toefl
decorum,단정,toefl
deference,복종,toefl
degradation,좌천,toefl
dehydrate,탈수하다,toefl
deleterious,해로운,toefl
deliberate,신중한,toefl
delineate,윤곽을 드리다,toefl
denounce,비난하다,toefl
deplore,비탄하다,toefl
depose,면직하다,toefl
depravity,타락,toefl
deprecate,반대하다,toefl
deprive,박탈하다,toefl
deride,비웃다,toefl
derivative,끌어낸,toefl
desecrate,신성을 더럽히다,toefl
desiccate,건조시키다,toefl
despondent,의기소침한,toefl
detached,독립된,toefl
deter,단념시키다,toefl
determined,단호한,toefl
deterrent,방해물,toefl
detrimental,해로운,toefl
devious,구불구불한,toefl
devotion,헌신,toefl
didactic,교훈적인,toefl
diffidence,자신이 없음,toefl
diffident,자신 없는 소심한,toefl
diffuse,널리 퍼진,toefl
digress,벗어나다,toefl
digression,본론을 벗어남,toefl
dilatory,느린,toefl
diligence,근면,toefl
diminish,줄이다,toefl
diminution,감소,toefl
discerning,통찰력 있는,toefl
discernment,인식력,toefl
discord,불화,toefl
discordant,일치하지 않는,toefl
discrepancy,불일치,toefl
discriminate,구별하다,toefl
discriminating,구별할 수 있는,toefl
disdain,경멸하다,toefl
disinclination,싫증,toefl
disparage,얕보다,toefl
disparate,본질적으로 다른,toefl
disparity,부동,toefl
dispassionate,냉정한,toefl
disperse,흩어지게 하다,toefl
disputatious,논쟁적인,toefl
disseminate,흩뿌리다,toefl
dissent,의견 차이,toefl
distant,먼,toefl
distend,넓히다,toefl
distinguish,구별하다,toefl
divergent,다른,toefl
divulge,비밀을 누설하다,toefl
docile,다루기 쉬운,toefl
doctrine,주의,toefl
dogmatic,교리상의,toefl
drone,게으름뱅이,toefl
dubious,수상한,toefl
dupe,속이다,toefl
duplicity,표리부동,toefl
durable,영속성 있는,toefl
ebullient,용솟음치는,toefl
eccentric,별난,toefl
eclectic,폭넓은,toefl
edify,신념을 기르다,toefl
efface,지워 없애다,toefl
effectual,효과적인,toefl
effervescence,거품이 남,toefl
effervescent,거품이 나는,toefl
egotistical,자기의 일만 하는,toefl
elaborate,공들인,toefl
elegance,우아,toefl
elegy,애가,toefl
elicit,도출하다,toefl
eloquence,웅변,toefl
elucidate,해명하다,toefl
elusive,붙잡기 어려운,toefl
emaciated,수척한,toefl
embellish,꾸미다,toefl
embrace,껴안다,toefl
emend,교정하다,toefl
emulate,경쟁하다,toefl
endorse,승인하다,toefl
endurance,지구력,toefl
engender,생기게 하다,toefl
enigma,수수께끼,toefl
enlighten,계몽하다,toefl
enmity,적의,toefl
enthrall,마음을 사로잡다,toefl
entice,꾀다,toefl
ephemeral,하루뿐인,toefl
equanimity,평정,toefl
equitable,공평한,toefl
equivocal,불확실한,toefl
eradicate,뿌리째 뽑다,toefl
erratic,산만한,toefl
erroneous,잘못된,toefl
erudite,학식이 있는,toefl
esoteric,난해한,toefl
ethical,윤리적인,toefl
eulogy,찬사,toefl
euphemism,완곡어법,toefl
euphony,듣기 좋은 음조,toefl
evanescent,사라져 가는,toefl
exacerbate,악화시키다,toefl
exalt,높이다,toefl
excerpt,발췌,toefl
execute,실행하다,toefl
exemplary,모범적인,toefl
exemplify,예시하다,toefl
exhaustive,철저한,toefl
exhilarating,기분을 돋우는,toefl
exonerate,해방시키다,toefl
expedient,도움이 되는,toefl
expedite,진척시키다,toefl
explicit,명확한,toefl
expunge,지우다,toefl
extirpate,근절시키다,toefl
extol,크게 칭찬하다,toefl
extraneous,비본질적인,toefl
extreme,극도의,toefl
extricate,구해내다,toefl
exuberance,풍부,toefl
facilitate,용이하게 하다,toefl
fallacious,그릇된,toefl
fallow,묵히고 있는,toefl
falter,움찔하다,toefl
fanaticism,열광,toefl
fanatic,광신자,toefl
fastidious,까다로운,toefl
fathom,추측하다,toefl
feasible,그럴싸한,toefl
fecund,다산의,toefl
feeble,연약한,toefl
fell,잔인한,toefl
fertile,기름진,toefl
fervor,열렬,toefl
fickle,변하기 쉬운,toefl
fitful,변하기 쉬운,toefl
flagrant,명백한,toefl
florid,불그레한,toefl
flourish,번영하다,toefl
flower,꽃이 피다,toefl
fluctuate,오르다,toefl
foliage,잎,toefl
foolhardy,무모한,toefl
fortuitous,뜻밖의,toefl
frivolous,천박한,toefl
frugality,검소,toefl
furtive,은밀한,toefl
garrulous,잘 지껄이는,toefl
gauge,측정하다,toefl
gaunt,몹시 여윈,toefl
glacial,얼음의,toefl
glutton,대식가,toefl
gratify,만족시키다,toefl
gratuitous,무료의,toefl
gravity,중력,toefl
gregarious,떼지어 사는,toefl
guile,교활,toefl
gullible,잘 속는,toefl
hackneyed,낡아 빠진,toefl
hamper,훼방하다,toefl
hangar,격납고,toefl
hardy,단련된,toefl
harsh,엄격한,toefl
hasten,서두르다,toefl
haughtiness,건방짐,toefl
hedonist,쾌락주의자,toefl
hedonistic,쾌락주의의,toefl
heed,주의하다,toefl
heresy,이단,toefl
hierarchy,계층제,toefl
hindrance,방해,toefl
homogeneous,동종의,toefl
hopeless,절망적인,toefl
hue,색조,toefl
humility,겸손,toefl
hyperbole,과장,toefl
hypocrisy,위선,toefl
hypocritical,위선의,toefl
hypothetical,가설의,toefl
iconoclastic,성상 파괴주의의,toefl
idiom,관용구,toefl
idiosyncrasy,특질,toefl
ignominy,면목없음,toefl
illicit,불법의,toefl
illusory,착각을 일으키는,toefl
immutable,불변의,toefl
impair,감하다,toefl
impartial,치우치지 않은,toefl
impeccable,결점이 없는,toefl
impecunious,가난한,toefl
implausible,받아들이기 어려운,toefl
impregnable,난공불락의,toefl
impudence,뻔뻔스러움,toefl
impulsive,충동적인,toefl
inadvertent,우연의,toefl
inadvertently,부주의하게,toefl
inane,얼빠진,toefl
inapt,부적당한,toefl
incessant,끊임없는,toefl
incisive,신랄한,toefl
incite,자극하다,toefl
inclusive,포함한,toefl
incoherent,모순된,toefl
incongruous,일관성이 없는,toefl
inconsequential,중요하지 않은,toefl
incontrovertible,논쟁의 여지가 없는,toefl
incorrigible,구제할 길 없는,toefl
indefatigable,지치지 않는,toefl
indict,기소하다,toefl
indifferent,무관심한,toefl
indigenous,토착의,toefl
indiscriminate,분별없는,toefl
indolence,게으름,toefl
indolent,게으른,toefl
indulgent,멋대로 하게 하는,toefl
ineffable,말로 표현할 수 없는,toefl
inept,부적당한,toefl
inert,둔한,toefl
inevitable,피할 수 없는,toefl
inexorable,냉혹한,toefl
infamous,수치스러운,toefl
ingenious,재간 있는,toefl
inherent,타고난,toefl
inhibit,억제하다,toefl
innocuous,해가 없는,toefl
innovate,혁신하다,toefl
innovation,혁신,toefl
innumerable,무수한,toefl
inquisitive,탐구적인,toefl
insipid,무미건조한,toefl
insolvent,지급 불능의,toefl
inspire,고무하다,toefl
instigate,유발시키다,toefl
insularity,고립,toefl
insuperable,극복하기 어려운,toefl
integrity,고결,toefl
intervene,사이에 들다,toefl
intimidate,겁주다,toefl
intractable,고치기 어려운,toefl
intrepid,용기있는,toefl
intricate,얽힌,toefl
intrinsic,본질적인,toefl
inundate,물에 잠기게 하다,toefl
invert,거꾸로 하다,toefl
irascible,화를 잘 내는,toefl
ironic,반어적인,toefl
irrational,이성을 잃은,toefl
irreproachable,나무랄 데 없는,toefl
isolated,고립된,toefl
jeopardy,위험,toefl
jocular,익살 맞은,toefl
jovial,명랑한,toefl
keen,날카로운,toefl
kindle,불붙이다,toefl
knack,숙련된 기술,toefl
labyrinth,미로,toefl
laconic,간결한,toefl
laggard,느린,toefl
lament,비탄하다,toefl
lampoon,풍자문,toefl
languish,기력이 없어지다,toefl
lassitude,나른함,toefl
laud,칭송하다,toefl
laudable,칭찬할 만한,toefl
lavish,아낌 없는,toefl
lenient,관대한,toefl
lethargic,혼수상태의,toefl
lethargy,무기력,toefl
levity,가벼움,toefl
linger,남아 있다,toefl
listless,나른한,toefl
lithe,잘 휘는,toefl
lofty,매우 높은,toefl
lucid,명쾌한,toefl
lure,마음을 끄는 것,toefl
lurid,선정적인,toefl
luxuriant,무성한,toefl
malice,악의,toefl
malicious,악의 있는,toefl
marred,훼손된,toefl
meager,마른,toefl
meander,굽이쳐 흐르다,toefl
mercenary,보수를 목적으로 하는,toefl
mercurial,변덕스러운,toefl
merger,합병,toefl
methodical,조직적인,toefl
meticulous,꼼꼼한,toefl
mirth,즐거운 웃음 소리,toefl
misanthrope,인간을 혐오하는 사람,toefl
miser,구두쇠,toefl
miserly,인색한,toefl
misnomer,오칭,toefl
mitigate,완화하다,toefl
modest,겸손한,toefl
mollify,누그러뜨리다,toefl
monarch,군주,toefl
monotonous,단조로운,toefl
morose,시무룩한,toefl
mosaic,모자이크,toefl
motive,동기,toefl
mundane,평범한,toefl
munificent,인심 좋은,toefl
nefarious,극악한,toefl
negate,무효로 하다,toefl
negligence,태만,toefl
newfangled,신형의,toefl
nimble,재빠른,toefl
nonchalant,태연한,toefl
nostalgia,향수,toefl
notoriety,악명,toefl
novel,신선한,toefl
novelty,새로움,toefl
novice,풋내기,toefl
nuance,뉘앙스,toefl
nullify,무효로 하다,toefl
nurture,양육하다,toefl
oasis,오아시스,toefl
obdurate,완고한,toefl
objective (adj),객관적인,toefl
objective (n),목적,toefl
obliterate,지우다,toefl
oblivion,망각,toefl
obscure,어두운,toefl
obstinate,고집 센,toefl
odious,싫은,toefl
ominous,불길한,toefl
opacity,불투명,toefl
opaque,불투명한,toefl
opposition,반대,toefl
optimism,낙천주의,toefl
optimist,낙천주의자,toefl
opulence,풍부,toefl
orator,연설자,toefl
ornate,잘 꾸민,toefl
orthodox,정통의,toefl
ostentatious,과시하는,toefl
pacifist,평화주의자,toefl
palatable,입에 맞는,toefl
paltry,하찮은,toefl
paradigm,보기,toefl
pariah,천민,toefl
parody,모방,toefl
parsimony,인색,toefl
partisan,열성적 지지자,toefl
paucity,소수,toefl
peculiar,독특한,toefl
pedestrian (n),보행자,toefl
pedestrian (adj),저속한,toefl
penury,빈궁,toefl
perfunctory,형식적인,toefl
peripheral,주위의,toefl
pernicious,유해한,toefl
perpetuate,영속시키다,toefl
pervasive,퍼지는,toefl
pessimism,비관,toefl
phenomena,현상,toefl
philanthropist,박애가,toefl
philanthropy,박애,toefl
piety,경건,toefl
pious,신앙심 깊은,toefl
pitfall,함정,toefl
pithy,골이 있는,toefl
pivotal,주축의,toefl
placate,달래다,toefl
plausible,그럴듯한,toefl
polemical,논쟁의,toefl
pomposity,거만,toefl
pompous,거만한,toefl
ponder,숙고하다,toefl
ponderous,대단히 무거운,toefl
pragmatic,실용적인,toefl
prattle,혀짤배기 소리,toefl
precarious,불확실한,toefl
preclude,제외하다,toefl
precocious,조숙한,toefl
predator,약탈자,toefl
predecessor,전임자,toefl
predicament,곤경,toefl
preposterous,앞뒤가 바뀐,toefl
presumptuous,주제넘은,toefl
pretentious,자부하는,toefl
prevaricate,얼버무려 넘기다,toefl
primeval,초기의,toefl
proclaim,포고하다,toefl
prodigal,낭비하는,toefl
prodigious,거대한,toefl
profane,모독적인,toefl
profanity,신성모독,toefl
profligate,방탕한,toefl
profound,깊은,toefl
profuse,아낌없는,toefl
profusion,대량,toefl
progressive,전진하는,toefl
proliferate,증식하다,toefl
proliferation,증식,toefl
prolific,아이를 낳는,toefl
prolong,늘이다,toefl
propriety,타당,toefl
prosaic,평범한,toefl
prose,산문,toefl
prosperous,번영하는,toefl
protrude,불쑥 튀어나오다,toefl
provincial,지방의,toefl
provocative,성나게 하는,toefl
prudent,신중한,toefl
prudish,엄격한,toefl
pushover,식은 죽 먹기,toefl
quagmire,곤경,toefl
quandary,곤혹,toefl
quell,억누르다,toefl
querulous,불평을 하는,toefl
quiescent,정지한,toefl
ramble,두서없이 이야기하다,toefl
rancor,깊은 원한,toefl
rant,폭언하다,toefl
ratify,비준하다,toefl
raucous,무질서하고 소란한,toefl
ravenous,탐욕스러운,toefl
raze,지우다,toefl
rebuff,거절하다,toefl
rebuttal,항변,toefl
recalcitrant,반항하는,toefl
recant,바꾸다,toefl
recluse,은둔자,toefl
recount,자세히 이야기 하다,toefl
rectify,개정하다,toefl
redundant,여분의,toefl
reform,개혁하다,toefl
rejuvenate,도로 젊어지게 하다,toefl
relegate,추방하다,toefl
relevant,관련된,toefl
remission,용서,toefl
remorse,후회,toefl
remote,먼,toefl
renounce,포기하다,toefl
repel,격퇴하다,toefl
replete,가득 찬,toefl
repletion,충만,toefl
reprehensible,비난할 만한,toefl
repress,억누르다,toefl
reprimand (v),견책하다,toefl
reprimand (n),견책,toefl
reproach (v),비난하다,toefl
reproach (n),비난,toefl
reprove,꾸짖다,toefl
repudiate,거부하다,toefl
repugnant,비위에 거슬리는,toefl
repulse,격퇴하다,toefl
rescind,폐지하다,toefl
residual,나머지의,toefl
resigned,체념한,toefl
resolute,결연한,toefl
resolution,결심,toefl
resolve (v),결심하다,toefl
resolve (n),결심,toefl
resourceful,꾀바른,toefl
respite,일시적인 중단,toefl
resplendent,반짝반짝 빛나는,toefl
responsive,대답하는,toefl
restraint,제지,toefl
retaliation,보복,toefl
reticence,과묵,toefl
reticent,과묵한,toefl
retract,끌어넣다,toefl
revelation,폭로,toefl
reverent,경건한,toefl
revere,존경하다,toefl
revive,소생하게 하다,toefl
rhetorical,수사적인,toefl
rigidity,견고함,toefl
rigor,엄격함,toefl
rigorous,엄격한,toefl
robust,튼튼한,toefl
rotund,둥근,toefl
ruffle,물결을 일으키다,toefl
rupture,파열,toefl
saccharine,당질의,toefl
sage,현명한,toefl
salutary,유익한,toefl
sanction,재가,toefl
satirical,풍자적인,toefl
saturate,삼투시키다,toefl
savor,맛 보다,toefl
savory,풍미좋은,toefl
scale,비늘을 벗기다,toefl
scanty,부족한,toefl
scrupulous,빈틈없는,toefl
scrutinize,자세히 조사하다,toefl
seclusion,격리,toefl
sedentary,앉은 채 있는,toefl
serene,고요한,toefl
servile,노예의,toefl
severe,엄한,toefl
shrine,성체용기,toefl
sinister,불길한,toefl
skeptic,회의론자,toefl
skeptical,의심 많은,toefl
slander,중상,toefl
slight (adj),약간의,toefl
slight (n),경멸,toefl
sluggard,게으름쟁이,toefl
sluggish,게으름,toefl
sobriety,절제,toefl
solemn,엄숙한,toefl
solicit,간청하다,toefl
solitary,고독한,toefl
somber,어두침침한,toefl
soothe,달래다,toefl
soporific,최면성의,toefl
splinter (n), 가시,toefl
splinter (v),쪼개지다,toefl
spontaneous,자발의,toefl
sporadic,산발적인,toefl
spurious,가짜의,toefl
spurn,퇴짜 놓다,toefl
squander,낭비하다,toefl
stagnation,침체,toefl
stalemate,수의 막힘,toefl
stanza, 연,toefl
static (adj),정적인,toefl
static (n),공전,toefl
steadfast,확고 부동한,toefl
stilts,지주,toefl
stoic,절제하는,toefl
stolid,둔감한,toefl
stratagem,전략,toefl
stratum,층,toefl
strident,귀에 거슬리는,toefl
stringent,엄격한,toefl
strut,뽐내며 걷다,toefl
stupefy,마취시키다,toefl
stupor,무감각,toefl
stymie,방해하다,toefl
subjugate,정복하다,toefl
submissive,순종하는,toefl
subordinate,하위의,toefl
subside,침전하다,toefl
substantiate,실증하다,toefl
subtle,미묘한,toefl
succinct,간결한,toefl
sullen,무뚝뚝한,toefl
summons,소환,toefl
supercilious,거만한,toefl
superficial,표면의,toefl
superfluity,여분,toefl
superfluous,남는,toefl
superlative,최상의,toefl
supplant,밀어내다,toefl
suppress,억압하다,toefl
surfeit (n),과다,toefl
surfeit (v),과식하다,toefl
surmise,추측,toefl
surreptitious,내밀의,toefl
sustain,떠받치다,toefl
swagger,활보하다,toefl
swell,부풀다,toefl
swindler,사기꾼,toefl
sycophant,알랑쇠,toefl
symbolism,상징,toefl
sympathy,동정,toefl
synchronize,같은 시간으로 맞추다,toefl
synopsis,개관,toefl
table,연기하다,toefl
taciturn,말없는,toefl
tailor,짓다,toefl
tangent,탈선,toefl
tangential,규준에서 벗어난,toefl
tangible,실체적인,toefl
tantamount,동등한,toefl
tardy,느린,toefl
tedious,지루한,toefl
temper (n),기질,toefl
temper (v),진정시키다,toefl
temperate,온화한,toefl
tenacious,완강한,toefl
tenacity,고집,toefl
terrestrial,지구상의,toefl
terse,간결한,toefl
theoretical,이론상,toefl
threadbare,초라한,toefl
tightfisted,인색한,toefl
tirade,장광설,toefl
tonic,강장제,toefl
torpor,마비,toefl
torso,몸통,toefl
tragic,비극의,toefl
trait,특색,toefl
tranquil,조용한,toefl
tranquility,고요함,toefl
transcribe,복사하다,toefl
transient,일시적인,toefl
transplant,투명한,toefl
treachery,배반,toefl
trepidation,공포,toefl
trespass,침해하다,toefl
trifling,하찮은,toefl
trite,흔해빠진,toefl
trivial,하찮은,toefl
troupe,일단,toefl
truncate,꼭대기를 자르다,toefl
tumor,종기,toefl
turbulence,교란,toefl
turbulent,몹시 거친,toefl
turmoil,소란,toefl
turpitude,간악,toefl
uncouth,거친,toefl
undermine,토대를 침식하다,toefl
uniform,한결같은,toefl
uniformity,한결같음,toefl
unilateral,일방의,toefl
unkempt,난잡한,toefl
unruly,감당할 수 없는,toefl
unsung,찬미되지 않는,toefl
unwarranted,보증되지 않은,toefl
uphold,떠받치다,toefl
uproar,소란,toefl
usurp,빼앗다,toefl
utter (v),발언하다,toefl
utter (adj),전적인,toefl
vacillate,망설이다,toefl
vague,어렴풋한,toefl
vaporize,증발시키다,toefl
variable (adj),가변적인,toefl
variable (n),변화하기 쉬운 것,toefl
variegated,잡색의,toefl
vehement,격렬한,toefl
venerate,존경하다,toefl
vent (v),구멍을 내다,toefl
vent (n),구멍,toefl
verbose,말이 많은,toefl
verify,입증하다,toefl
vertical,수직의,toefl
vestige,자취,toefl
viable,시행 가능한,toefl
vigor,활기,toefl
vilify,비방하다,toefl
vindicate,입증하다,toefl
vindictive,원한을 품은,toefl
virtuoso (adj),대가의,toefl
virtuoso (n),예술의 거장,toefl
virtuous,덕 있는,toefl
virulent,유독한,toefl
vitality,생명력,toefl
vivid,생생한,toefl
vociferous,소란한,toefl
void (adj),빈,toefl
void (n),공허,toefl
volatile,휘발성의,toefl
volition,의지,toefl
voluble,수다스러운,toefl
voluminous,다작의,toefl
voluntary,자발적인,toefl
vulgarian,속물,toefl
vulnerable,상처입기 쉬운,toefl
wake,항적,toefl
warm,따뜻한,toefl
wary,경계하는,toefl
wayward,제멋대로 하는,toefl
weary (adj),피로한,toefl
weary (v),지치게 하다,toefl
weight,무게,toefl
well-founded,충분한 근거가 있는,toefl
whim,변덕,toefl
whimsical,마음이 잘 변하는,toefl
widespread,널리 보급된,toefl
willful,계획적인,toefl
wince,주춤하다,toefl
zany,어릿광대 같은,toefl
zealous,열심인,toefl
in a matter of,불과 ~ 만에,csat
range,음역,csat
celebrate,축하하다,csat
lodging,숙박,csat
appreciate,감사하다,csat
regards,안부 안부 인사,csat
regret to do,~하게 되어 유감이다,csat
fulfil(l),이행하다,csat
original,원래의,csat
editor,편집자,csat
at length,오랫동안,csat
hesitancy,주저,csat
analytical,분석적인,csat
privileged,영광스러운,csat
association,협회,csat
prestigious,훌륭한,csat
gathering,모임,csat
human resources,인사부,csat
engagement,업무,csat
alternate,대체[대신]할 사람,csat
flashing,번쩍이는,csat
vibrate,진동하다,csat
end table, 작은 탁자,csat
hesitant,머뭇거리는,csat
have over,~으로 초대하다,csat
relief,안도,csat
flood,밀려들다,csat
catch up on, 알아내다,csat
composition,짧은 글,csat
tense,시제,csat
patiently,참을성 있게,csat
forthcoming,곧 오려고 하는,csat
ruddy,붉은,csat
blow away,~을 감동시키다,csat
masterpiece,걸작,csat
self-pity,자기 연민,csat
descend,내려앉다,csat
bloom,한창,csat
manor,저택,csat
sticky-fingered, 손가락이 끈끈한,csat
lengthen,길어지다,csat
wrap,감싸다,csat
disturbance,방해,csat
stripe,줄무늬를 넣다,csat
deckchair,접의자,csat
float,뜨다,csat
petal,꽃잎,csat
overwhelmed, 휩싸인,csat
front office,행정실,csat
pound, 두근거리다,csat
short of breath,숨이 가쁜,csat
dial,전화를 걸다,csat
thrill,전율,csat
genetic,유전적인,csat
obese,비만의,csat
consume,섭취하다,csat
pass on,~을 전달하다,csat
scarce,부족한,csat
reproduce,번식하다,csat
abundant,풍부한,csat
obesity,비만,csat
incorporate, 포함하다,csat
timescale, 기간,csat
mammalian,포유류의,csat
catch up with,~을 따라잡다,csat
precondition,전제 조건,csat
faultless,결점이 없는,csat
ally,협력자,csat
widow,미망인,csat
profession,직업,csat
roam,떠돌다,csat
expel,쫓아내다,csat
suspension,유예,csat
disbelief,불신,csat
put aside,~을 제쳐 두다,csat
contradict,~과 모순되다,csat
elect,당선시키다,csat
spot,발견하다,csat
narrative,이야기,csat
circle,~에 동그라미를 치다,csat
clue,단서,csat
notion,개념,csat
out of date,시대에 뒤떨어진,csat
initiative,주창,csat
take advantage of,~을 활용하다,csat
merely,그저,csat
firm,회사,csat
fixture,고정적인 요소,csat
management board,이사회,csat
causal,원인이 되는,csat
consumer society,소비 사회,csat
a majority of,대다수의,csat
genuine,진정한,csat
well-being,복지,csat
shelter,주거,csat
abundance,풍요,csat
unparalleled,비할 데 없는,csat
per capita income,1인당 소득,csat
triple,3배가 되다,csat
wired,타고나는,csat
urban,도시의,csat
constantly,끊임없이,csat
gain,이득,csat
by a factor of,~ 배로,csat
inbuilt,내재된,csat
mechanism,기제,csat
in a fraction of a second,몇 분의 1초 만에,csat
acknowledge,인지하다,csat
privilege,특전[특권]을 주다,csat
tendency,성향,csat
overweight,지나치게 중시하다,csat
overestimate,과대평가하다,csat
lottery,복권,csat
insofar as,~하는 한은,csat
responsibly,책임감 있게,csat
existence,존재,csat
loving,애정 어린,csat
confine oneself to,~에 국한하다,csat
experiment,실험,csat
symphony,교향곡,csat
bar, 마디,csat
resound,울려 퍼지다,csat
shiver,전율,csat
spine,등골,csat
rational,합리적인,csat
hypothesis,가설 ,csat
crucial experiment,결정적 실험,csat
generalization,일반화,csat
innocent,순수한,csat
brilliant,훌륭한,csat
line of attack,대처 방안,csat
execution,실행,csat
formulate,정립하다,csat
keenly,빈틈없이,csat
obvious,분명한,csat
party,당,csat
nationalism,민족주의,csat
civil war,내전,csat
strife,싸움,csat
endeavour,노력하다; 노력,csat
instill,주입하다,csat
be on one’s guard against,~하지 않도록 경계하다,csat
at one’s face value,액면 그대로,csat
flatter,아첨하다,csat
prejudice,편견,csat
mob,군중,csat
virtue,덕목,csat
consist in,~에 있다,csat
readiness,기꺼이 하는 마음,csat
do justice to,~에게 공평하게 대하다,csat
controversy,논쟁,csat
inconvenient,불편한,csat
resentment,분노,csat
lend oneself to,~에 가담하다,csat
dishonest,부정한,csat
demonstrable,입증 가능한,csat
urgent,긴급한,csat
critical goal,중대 목표,csat
enabling goal,실행 목표,csat
in the absence of,~이 없을 경우[때],csat
spirit,마음,csat
volunteer,자원하다,csat
fund-raiser, 기금 모금 행사,csat
discipline,훈련시키다,csat
differentiate,구별하다,csat
safely,별로 틀리지 않게,csat
owe ~ to …,~은 … 덕분이다,csat
mass,대량의,csat
short-sighted,근시안적인,csat
ignorant,무지한,csat
be compelled to do, ~해야만 하다,csat
extend,미치다,csat
advent,출현,csat
fair,공정한,csat
protest,항의하다,csat
sacrifice,희생하다,csat
admiration,존경,csat
universal,보편적인,csat
betray,배신하다,csat
disloyal,불충한,csat
tribe,부족,csat
suite,묶음,csat
disapprove of,~을 못마땅하게 여기다,csat
violate,어기다,csat
reinforce,강화하다,csat
on earth, 전혀,csat
presidency,대통령직,csat
committed,열성적인,csat
voter,투표자,csat
strengthen,강화하다,csat
national border,국경,csat
supposed,가상의,csat
underscore,강조하다,csat
minimum wage,최저 임금,csat
justify,정당화하다,csat
upsetting,속상하게 하는,csat
perceive,인식하다,csat
distressing,괴로움을 주는,csat
take on,~을 띠다,csat
distort,왜곡하다,csat
self-defeating,자멸적인,csat
evolution,진화,csat
gradual,점진적인,csat
natural selection,자연 선택,csat
survival of the fittest,적자생존,csat
phenomenon,현상,csat
characterize,특징을 나타내다,csat
punctuate,중단시키다,csat
diversify,다양해지다,csat
lineage,계통,csat
gene-splicing,유전자 접합,csat
wipe out,멸종시키다,csat
macroevolution,대진화,csat
periodic,주기적인,csat
microevolution,소진화,csat
unnoticeable,눈에 띄지 않는,csat
succession,연속,csat
stuck,막힌,csat
get unstuck,빠져나가다,csat
literally,말 그대로,csat
claim,주장하다,csat
cognitive,인지의,csat
observation,관찰,csat
lab(= laboratory),실험,csat
outdoors,야외에서,csat
a dog’s breakfast,쓰레기 더미,csat
astronomer,천문학자,csat
orchestrated,체계적인,csat
coherent,일관적인,csat
unity,통일성,csat
galaxy,은하,csat
cosmos,질서,csat
chaos,혼돈,csat
to the point of,~이라고 할 정도로,csat
totality,전체,csat
intriguing,흥미로운,csat
work out,알아내다,csat
attain,이루다,csat
stable,안정적인,csat
framework,체계,csat
govern,통제하다,csat
be subject to,~에[의] 영향을 받다,csat
make use of,~을 활용하다,csat
accountant,회계사,csat
legal,법률의,csat
in relation to,~과 비교하여,csat
practitioner,종사자,csat
broadcaster,방송사,csat
inhabitant,거주자,csat
linguistically,언어적으로,csat
in terms of,~의 면에서,csat
enrollment rate,등록률,csat
ethnicity,민족 ,csat
compared to,~에 비해,csat
occupational,직업의,csat
physical science,자연 과학,csat
comprise,차지하다,csat
inch,조금씩 움직이다,csat
GDP(= gross domestic product),국내 총생산,csat
status,지위,csat
rank, 차지하다,csat
seal,물개,csat
external,외부의,csat
mobile,기동성 있는,csat
true seal,참물범,csat
rotate,둥글게 움직이다,csat
rear flipper,뒷지느러미발,csat
propel,나아가게 하다,csat
massive,육중한,csat
enormous,거대한,csat
hence,따라서,csat
refer to,~과 관련이 있다,csat
roar,포효,csat
but then,하기야 그래서,csat
expend,소비하다,csat
ashore,뭍으로,csat
deaf,청각 장애가 있는,csat
funding,자금 ,csat
dissatisfied,만족하지 못한,csat
serve as,~으로 근무하다,csat
institution,기관,csat
principal,교장,csat
merchant,상인,csat
pursue,추구하다,csat
childbirth,출산,csat
correspondent,특파원,csat
cover,취재하다,csat
so-called,소위,csat
dialect,방언,csat
set up,조성하다,csat
tension,긴장,csat
rural,시골의,csat
city-bred,도시에서 자란,csat
annually,해마다,csat
correspond to,~과 일치하다,csat
digit, 아라비아 숫자,csat
fundamental, 기초,csat
maximum,최대,csat
along with,~과 함께,csat
arena,경기장,csat
registration,등록,csat
in person,직접,csat
due to,~ 때문에,csat
research assistant,연구 조교,csat
institute,기관,csat
community college,지역 전문 대학,csat
graduate,대학 졸업자,csat
letter of recommendation,추천서,csat
vet hospital,동물 병원,csat
therapeutic,치료의,csat
certified,자격증이 있는,csat
on a first-come-first-served basis,선착순으로,csat
outdoor,야외의,csat
parking lot,주차장,csat
drawing,추첨,csat
disagree,의견이 다르다,csat
take place,일어나다,csat
slavery,노예제,csat
illegal,불법적인,csat
stick to,~을 고수하다,csat
a great deal of,많은,csat
resist,저항하다,csat
selective,선택적인,csat
ignore,무시하다,csat
schema,스키마,csat
back and forth,주고받으며,csat
costume,의상,csat
stroll,거닐다,csat
intently,골똘히,csat
stimulus,자극,csat
unquestioned,의심의 여지가 없는,csat
distinct,뚜렷이 다른,csat
imitate,모방하다,csat
ahistorical,몰역사적인,csat
humanly,인간적으로,csat
disembodied,현실에서 유리된,csat
viewpoint,관점,csat
substitute ~ for …,… 대신에 ~을 쓰다,csat
(all) on one’s own,자력으로,csat
complicated,복잡한,csat
sector,분야,csat
spectator,관객,csat
intermediate,중간의,csat
mysteriously,신비롭게,csat
pity,동정하다,csat
unique,유일한,csat
era,시대,csat
sustainable,지속 가능한,csat
formally,공식적으로,csat
federal,연방의,csat
endangered species,멸종 위기종,csat
critical habitat, 보존 서식지,csat
overall,전반적인,csat
politicize,정치화하다,csat
restriction,제한,csat
watchdog,감시 단체,csat
sue,고소하다,csat
assess,가늠하다,csat
assume,가정하다,csat
nature,본질,csat
quantum physics,양자 물리학,csat
make up,~을 이루다,csat
supposedly,이른바,csat
hard science,자연 과학,csat
inseparable,불가분의,csat
primitive,원시적인,csat
ethnocentric,자기 민족 중심적인,csat
obviously,명백히,csat
unpronounceable,발음하기 너무 힘든,csat
vowel,모음,csat
consonant,자음,csat
utterance,발화,csat
originality,독창성,csat
better off, 더 나은,csat
barrier,장벽,csat
dream up,~을 생각해 내다,csat
venture,벤처 사업,csat
suffer from,~을 겪다,csat
shortage,부족,csat
constrain,제약하다,csat
transporter,운송기,csat
false positive,긍정 오류,csat
turn out,~으로 판명되다,csat
false negative,부정 오류,csat
ultimately,결국,csat
striking,주목할 만한,csat
anthropologist,인류학자,csat
overpopulation,개체 수[인구] 과잉,csat
grain,낟알,csat
by accident,우연히,csat
mixture,혼합물,csat
sink,가라앉다,csat
sift,거르다,csat
set in one’s way,자기 방식이 몸에 밴,csat
grasp,이해하다,csat
practice,수완,csat
monolingual,단일 언어 사용자,csat
complain,불평하다,csat
aptitude,소질,csat
subtly,미묘하게,csat
convention,관습,csat
with all due respect,송구하지만,csat
fool,속이다,csat
misery,불행,csat
nevertheless,그럼에도 ,csat
irritate,짜증 나게 하다,csat
annoy,성가시게 하다,csat
unstated,무언의,csat
victim,희생자,csat
caregiver,돌보는 사람,csat
long-term,장기간의,csat
longevity,장수,csat
multigenerational,다세대의,csat
counteract,대응하다,csat
remedy,치료하다,csat
isolation,고립,csat
untechnical,비전문적인,csat
scheme,기획,csat
shot,숏,csat
removed from,~과 다른[동떨어진],csat
put into practice,~을 실행에 옮기다,csat
alteration,변경,csat
a succession of,일련의,csat
evolve,진화하다,csat
mentality,사고방식,csat
construct,구성하다,csat
compress,압축하다,csat
metaphor,은유,csat
common sense,상식,csat
thickly,걸쭉하게,csat
reflex,반영,csat
puppet,꼭두각시,csat
triumph,승리하다,csat
cunning,교묘한,csat
dwarf,난쟁이,csat
continuous,지속적인,csat
derive from,~에서 유래하다,csat
amused,즐거운,csat
central,가장 중요한,csat
grab,붙들다,csat
agreeable,기분 좋은,csat
as opposed to,~이 아니라,csat
categorize,분류하다,csat
label,일컫다,csat
signal,신호를 보내다,csat
primary,주된,csat
ritual,의식,csat
transformation,전환,csat
adolescence,청소년기,csat
doctor of philosophy,박사,csat
trigger,촉발하다,csat
three-spined stickleback,큰가시고기,csat
courtship dance,구애 춤,csat
genetically programmed,유전적으로 프로그램화된,csat
trauma,정신적 외상,csat
mature,성숙한,csat
tolerant,관용적인,csat
influential,영향력 있는,csat
be exposed to,~을 접하다,csat
capable of,~을 할 수 있는,csat
confront,맞서다,csat
misconception,오해,csat
inefficiently,비효율적으로,csat
primarily,주로,csat
strain,무리하다,csat
legislate,법률을 제정하다,csat
burden,부담,csat
down the line,미래에,csat
counterproductive,역효과를 낳는,csat
get a sense,감지하다,csat
thereby,그렇게 함으로써,csat
random,무작위의,csat
sampling,표본 추출,csat
statistics,통계학,csat
population,모집단,csat
unconsciously,무심결에,csat
at random,무작위로,csat
telephone directory,전화번호부,csat
landline,유선 전화,csat
suspicious,의심하는,csat
spatial,공간의,csat
be indicative of,~을 나타내다,csat
dominant,우월한,csat
relative to,~과 비교하여,csat
display,제시하다,csat
cross-cultural,비교 문화의,csat
common,일반적인,csat
the disadvantaged, 약자들,csat
respective,각각의,csat
situate,두다,csat
gender bias,성 편견,csat
pronounced,두드러진,csat
parallel,유사하다,csat
sticker price,표시 가격,csat
souvenir,기념품,csat
price discrimination,가격 차별,csat
esteem,존경,csat
prestige,명망,csat
decade,10년,csat
accompanying,수반하는,csat
link,연결하다,csat
devote,쏟다,csat
moderate,중간의,csat
give priority to,~을 우선으로 하다,csat
protein,단백질,csat
by the same token,같은 이유로,csat
entertainer,연예인,csat
slam, 쾅 닫다,csat
materialistic,유물론의,csat
frame of mind, 사고방식[기분],csat
offended,화가 난,csat
trace, 밝혀내다,csat
neurological,신경학의,csat
result in, ~하게 하다,csat
doorpost,문설주,csat
rock,흔들리다,csat
lead up to,~까지 이르다,csat
presume,추정하다,csat
intimacy,친밀감,csat
collectivist culture,집단주의 문화,csat
anthropology,인류학,csat
concept,개념,csat
Confucianism,유교,csat
prize,소중히 여기다,csat
processual,과정의,csat
fall short of,~에 미치지 못하다,csat
regain,회복하다,csat
generosity,관용,csat
denial, 부인,csat
be constitutive of,~을 구성하다,csat
in high demand,수요가 많은,csat
quantity,양,csat
tropical,열대의,csat
specialize in,~을 전문으로 하다,csat
make a living,생계를 유지하다,csat
elevation,고도,csat
hillside, 비탈,csat
out of the blue,느닷없이,csat
vacuum,공백,csat
scheme of things,사물의 체계,csat
saying,경구,csat
founding,기초적인,csat
absurd,터무니없는,csat
randomly,무작위로,csat
philosophy,철학,csat
agriculture,농업,csat
avoid,피하다,csat
fixed,고정된,csat
along the same lines,같은 방식으로,csat
cease to do,~이 아니게 되다,csat
absurdity,불합리성,csat
in the space of,~의 기간 내에,csat
set an example of,~의 본보기가 되다,csat
get rid of,~을 없애다,csat
timid,소심한,csat
irregular,불규칙한,csat
tend to do,~하는 경향이 있다,csat
on one’s own,혼자서,csat
polarization,양극화,csat
individually,개별적으로,csat
steer, 향하게 하다,csat
precise,정확한,csat
regulatory,규제의,csat
regard ~ as …,~을 …으로 간주하다,csat
hard core,핵심적인,csat
element,요소,csat
rock-solid,확고부동한,csat
strive for,~을 얻으려고 노력하다,csat
be detached from,~에서 분리되다,csat
participatory,참여의,csat
input,의견,csat
translate into,~으로 이어지다,csat
investigate,조사하다,csat
at hand,당면한,csat
crisis,위기,csat
advertise,짐짓 드러내다,csat
distastefulness,맛이 고약함,csat
coloration, 천연색,csat
renewed,다시 등장하는,csat
prey,먹이,csat
exaggerated,과장된,csat
fertilization,수정,csat
account for,~을 설명하다,csat
nonreproductive,비생식의,csat
subsequently,그 후,csat
coin, 만들어 내다,csat
accord,일치,csat
grossly,크게,csat
scope,범위,csat
reason,이성,csat
metaphysical,형이상학적인,csat
allied,연관된,csat
logical,논리적인,csat
linguistics,언어학,csat
be subjected to,~을 받다,csat
overrate,과대평가하다,csat
outset,처음,csat
acutely,강렬하게,csat
span,기간,csat
proportion,부분,csat
encounter,맞닥뜨리다,csat
turning point,전환점,csat
spouse,배우자,csat
social mobility,사회 이동,csat
ethnic,민족의,csat
be referred to as,~으로 불리다,csat
intergenerational,세대 간의,csat
self-made,자수성가의,csat
be up to,~에 달려 있다,csat
apply oneself,열심히 노력하다,csat
subscribe to,~에 동의하다,csat
dependent on,~에게 의존하고 있는,csat
authorities,당국,csat
classical,고대 그리스·로마의,csat
hold in low esteem,~을 낮게 평가하다,csat
condemn,비난하다,csat
intellectual,지식인,csat
abuse,남용하다,csat
spell,주문,csat
mistrust,불신,csat
separation,분리,csat
divine,신성한,csat
psychologist,심리학자,csat
classify,분류하다,csat
reactor,반응자,csat
unfamiliar,낯선,csat
pop,터뜨리다,csat
violently,격렬하게,csat
continuum,연속선,csat
enthusiastic,열정적인,csat
moderately,적당히,csat
verbally,말로,csat
speech,말,csat
driver,동인,csat
awareness,인식,csat
dullard,둔한 사람,csat
ignorance,무지,csat
founder,창시자,csat
vast,방대한,csat
reflection,반영,csat
confusing,혼란스러운,csat
savings account,예금 계좌,csat
with respect to,~에 관하여,csat
cancel out,~을 상쇄하다,csat
sow, 뿌리다,csat
blossom,개화하다,csat
cynical,부정적인,csat
empathy,공감,csat
welfare,행복,csat
charity,자선 ,csat
violator,위반하는 사람,csat
norm,규범,csat
relative,친척,csat
aggression,공격,csat
unrelated,친족이 아닌,csat
collaborator,공동 연구자,csat
opposing,마주 보는,csat
portion,몫,csat
nasty,못된,csat
desperate,절박한,csat
change blindness,변화맹,csat
automatically,자동으로,csat
unawareness,인식하지 못함,csat
in a flash,순간적으로,csat
eyewitness,목격자,csat
critical,결정적인,csat
attend to,~에 주의를 기울이다,csat
incorrectly,잘못되게,csat
limitation,한계,csat
mislead,오도하다,csat
cross,잡종,csat
well-behaved,얌전한,csat
non-aggressive,공격적이지 않은,csat
all the same,여전히,csat
wander,돌아다니다,csat
escort,호위대,csat
contentedly,만족스럽게,csat
trading company,무역 회사,csat
displeased,불만스러운,csat
be supposed to do,~하기로 되어 있다,csat
shoeshine,구두닦이,csat
polish,닦다,csat
overhear,우연히 듣다,csat
passerby,행인,csat
that’ll do,그만해,csat
hold out,~을 내밀다,csat
fall flat on one’s face,앞으로 넘어지다,csat
struggle,버둥거리다,csat
catch hold of,~을 잡다,csat
honour ~ with …,~에게 …을 수여하다,csat
theft,절도 사건,csat
lose one’s temper,화를 내다,csat
glance,힐끗 보다,csat
stick out of,~에서 삐져나오다,csat
occur,발생하다,csat
impress,깊은 인상을 주다,csat
project,과제,csat
associated with,~과 연관된,csat
correlation,상관관계,csat
doubly,이중으로,csat
inland,내륙의,csat
dairy,낙농의,csat
go over,받아들여지다,csat
temperature,기온,csat
march,당당하게 걷다,csat
illustrator,삽화가,csat
teach oneself,독학하다,csat
tear out,~을 뜯어내다,csat
entertain,즐겁게 해 주다,csat
collage,콜라주,csat
medium,표현 수단,csat
illustration,삽화,csat
diagnose,진단하다,csat
passion,열정,csat
agricultural,농업의,csat
extraordinary,대단한,csat
reliance,의존,csat
be on the lookout for,~을 찾고 있다,csat
intent on,~하려는 일념으로,csat
take a detour,우회하다,csat
folk,사람들,csat
packet,소포,csat
delegation,대표단,csat
stuff,채우다,csat
surgery,수술,csat
on the rise,증가 추세인,csat
infection,감염,csat
be determined to do,~하기로 결심하다,csat
figure out,~을 알아내다,csat
sewage,하수,csat
carbolic acid,석탄산,csat
incidence,발생률,csat
wound,상처,csat
conclude,결론 내리다,csat
controversial,논란이 많은,csat
germ,세균,csat
nationalistic,국가주의적인,csat
sentiment,정서,csat
national identity,국가 정체성,csat
shifting,변경되는,csat
crown,왕위,csat
awakening,자각,csat
constitution,헌법,csat
predominate over,~보다 우위를 차지하다,csat
pioneering,선구적인,csat
liberation,해방,csat
stress,강조하다,csat
dimension,측면,csat
concrete,현실의,csat
moral,도덕적인,csat
evidential,증거적,csat
neutral,얽매이지 않는,csat
antireligious,종교에 반하는,csat
theologian,신학자,csat
contextual,상황적인,csat
integration,통합,csat
caring,배려하는,csat
anticipated,예상되는,csat
on top of that,게다가,csat
exercise book,연습장,csat
waste paper,폐지,csat
roughly,대략,csat
shortfall,부족분,csat
pulp,펄프,csat
take ~ for granted,~을 당연하게 여기다,csat
rare metals,희금속,csat
unaware of,~을 알지 못하는,csat
makeup,구성,csat
Congress, 의회,csat
corporate,기업의,csat
spark,촉발하다,csat
periodic table, 주기율표,csat
command center,지휘 본부,csat
launching,착수,csat
minor metals,비주류 금속,csat
preventive,예방의,csat
compromised,훼손된,csat
flooding,홍수,csat
disappearance,소멸,csat
glacier,빙하,csat
frame,만들어 내다,csat
organic chemistry,유기 화학,csat
compound,화합물,csat
command,차지하다,csat
pregnant,풍요한,csat
bond to,~과 결합하다,csat
unaggressive,유화적인,csat
startling,놀라울 정도의,csat
complexity,복잡성,csat
infrastructure,하부 구조,csat
borax,붕사,csat
mine,채굴하다,csat
laundry-cleaning booster,세탁 촉진제,csat
multipurpose,다목적의,csat
fungicide,곰팡이 제거제,csat
herbicide,제초제,csat
off-white,회색을 띤 백색의,csat
odorless,냄새가 없는,csat
crystal,결정체,csat
cleaning agent,세정제,csat
toxic,독성의,csat
baking soda,베이킹 소다,csat
mold,곰팡이,csat
stubborn,지우기 힘든,csat
stain,얼룩,csat
resort to,~에 의존하다,csat
moon,위성,csat
exploration,탐사,csat
fly-by,플라이바이,csat
mission,우주 비행,csat
orbital tour,궤도 선회,csat
orbit,궤도를 돌다,csat
satellite,위성,csat
magnetic field,자기장,csat
inclined,기울어진,csat
opposite to,~과 반대의,csat
spin,자전,csat
density,밀도,csat
common pool resource,공유 자원,csat
vista,경치,csat
extent,규모,csat
accessibility,이용 가능성,csat
cattle, 소,csat
graze,풀을 뜯다,csat
pastureland,방목지,csat
resident,주민,csat
minimize,최소화하다,csat
eventual,결국의,csat
outsider,외부인,csat
heritage,유산,csat
make-believe,진짜가 아닌,csat
craftsmanship,장인 정신,csat
vanish,사라지다,csat
contribute to,~의 원인이 되다,csat
identity,정체성,csat
disconnected,단절된,csat
front,첨병,csat
staged,연출된,csat
organized,체계적인,csat
competitive,경쟁의,csat
grounded in,~에 기반을 둔,csat
religion,종교,csat
complex,복합의,csat
administrative,관리의,csat
able-bodied,신체 건강한,csat
excellence,탁월함,csat
substandard,수준 이하의,csat
by definition,당연히,csat
perception,인식,csat
giftedness,영재성,csat
disciplined,훈련된,csat
work ethic,근면 정신[의식],csat
all the more,그만큼 더,csat
visible, 보이는,csat
sting,아픔,csat
ingrained,깊이 배어든,csat
authenticity,신뢰성,csat
archive,기록,csat
digitization,디지털화,csat
feed into,~에 영향을 미치다,csat
realm,영역,csat
profit margin,수익,csat
ultimate,궁극적인,csat
solid,견실한,csat
profile, 관심,csat
sequel,속편,csat
maxim,격언,csat
track record,실적,csat
effectiveness,효과,csat
experimenter,실험자,csat
state,말하다,csat
ineffective,비효과적인,csat
session, 활동,csat
counsel,상담하다,csat
adapt,조정하다,csat
motivation,동기,csat
not nearly,결코 ~ 아닌,csat
potent,효과적인,csat
engage with,~을 다루다,csat
be engaged,관여하다,csat
simulate,모의실험하다,csat
intellect,지력,csat
interpersonally,사람과 사람 사이에서,csat
instructor,교사,csat
motivate,동기를 부여하다,csat
accommodation,조절,csat
adequacy,적절성,csat
briefly,간단히 말해서,csat
equilibrium,평형 ,csat
uncomfortable,불편한,csat
optimal,최적의,csat
discouraged,낙담한,csat
whatsoever,전혀,csat
strip ~ of …,~에서 …을 제거하다,csat
nonverbal,비언어적인,csat
misinterpretation,오해,csat
cue,단서,csat
cite,인용하다,csat
validation,확인,csat
prove,증명하다,csat
be taken for granted,당연시되다,csat
excommunication,제명,csat
prophet,예언자,csat
non-discussible,논할 수 없는,csat
correlate,상관관계를 보여 주다,csat
tie,유대 ,csat
integrate,통합하다,csat
residential,주거의,csat
dynamical,역학적인,csat
peer,동료,csat
collective,집단적인,csat
polarized,양극화된,csat
boundary,경계,csat
undertaking,일,csat
orbital,궤도의,csat
connectivity,접속성,csat
unbounded,구애되지 않는,csat
unreliable,믿을 수 없는,csat
the ocean of,수많은,csat
impracticable,실행이  불가능한,csat
comprehend,이해하다,csat
ownership,보유,csat
wearable,웨어러블 기기,csat
age,노후화되다,csat
entrapment,속박감,csat
trap,함정에 빠뜨리다; 함정,csat
wavelength,주파수,csat
feel compelled to do,~해야 한다고 느끼다,csat
unreasonable,불합리한,csat
turn down,~을 거절하다,csat
at the outset,처음부터,csat
related to,~과 관련이 있는,csat
reciprocity,호혜,csat
pay back,~을 갚다,csat
in kind,동일하게,csat
assistance,도움,csat
application,응용,csat
deny,거부하다,csat
likelihood,가능성,csat
establishment,회사,csat
accumulate,축적하다,csat
employ,사용하다,csat
generate,창출하다,csat
maximally,최대한,csat
desirable,가치 있는,csat
legally,합법적으로,csat
have priority over,~보다[에] 우선하다,csat
conception,개념,csat
mudslide,진흙 사태,csat
loosen up,~을 느슨하게 만들다,csat
settlement,합의,csat
New Deal,뉴딜 정책,csat
the Great Depression, 대공황,csat
populist,인민주의의,csat
pandemic,전 세계적인 유행병,csat
radical,급격한,csat
prior to,~ 이전에[의],csat
self-sufficiency,자급자족,csat
attempt,시도; 시도하다,csat
capitalize on,~을 이용[활용]하다,csat
instability,불안정성,csat
accumulation,축적,csat
vicious circle,악순환,csat
self-esteem,자존감,csat
contribution,원인 제공,csat
course of action,행동 방침,csat
tolerate,용인하다,csat
unthinking,경솔한,csat
structural,구조의,csat
substance abuse,약물 남용,csat
short-sightedness,짧은 생각,csat
prescription drug,처방이 필요한 약,csat
specific requirement,특정 요건,csat
well-defined,명확한,csat
dietary supplement,건강 보조 식품,csat
on a regular basis,정기적으로,csat
prevailing,널리 행하여지는,csat
legal action,소송,csat
assurance,확신,csat
loyal,충실한,csat
piece,신문[잡지] 기사,csat
charitable,자선의,csat
orphanage,고아원,csat
close to one’s heart,~에게 소중한,csat
with regard to,~에 관해서,csat
publication,출판,csat
reputation,명성,csat
rest on,~에 달려 있다,csat
correction,정정,csat
grade,점수를 주다,csat
beforehand,미리,csat
chop up,~을 잘게 자르다,csat
clueless,할 줄 모르는,csat
hesitantly,주저하며,csat
swallow one’s pride,자존심을 굽히다,csat
first draft,초고,csat
contrary to,~과는 달리,csat
look over,~을 훑어보다,csat
format,구성 방식,csat
guts,배짱,csat
tech,과학 기술,csat
eat into,~을 잠식하다,csat
pump out,~을 내뿜다,csat
restful,편안한,csat
nod off,잠들다,csat
suffer,더 나빠지다,csat
aimlessly,목적 없이,csat
straightforward,간단한,csat
immovable,변경할 수 없는,csat
setting,설정,csat
definitely,분명히,csat
pack, 무리,csat
primate,영장류,csat
lick,핥다,csat
wave away,손을 흔들어 ~을 쫓다,csat
companion,동료,csat
given that,~이라는 것을 고려하면,csat
impaired,손상된,csat
architectural,건축상의,csat
ramp,경사로,csat
footpath,보도,csat
insecurity,위험,csat
attendant,수반되는,csat
ecosystem,생태계,csat
observer,논평가,csat
unsettling,심란한,csat
conservationist,환경 보호론자,csat
congressional hearing,의회 청문회,csat
partnership,협력 ,csat
rhino,코뿔소,csat
property right,재산권,csat
conservation,보존,csat
lift,해제하다,csat
chemistry,화학,csat
methodology,방법론,csat
well-received,평판이 좋은,csat
council,평의회,csat
the Royal Society,영국 왕립 학회,csat
take an oath,선서하다,csat
stroke,뇌졸중,csat
laboratory,실험실,csat
mechanics,역학,csat
explanation,설명,csat
champion,옹호자,csat
atomism,원자론,csat
religious,종교적인,csat
federal government,연방 정부,csat
discourage,막다,csat
electric vehicle,전기 자동차,csat
drilling,시추,csat
mining,채굴,csat
in need,어려운,csat
dry milk,분유,csat
subject to, ~될 수 있는,csat
cancellation,취소,csat
unemployment,실업,csat
secondary,부수적인,csat
otherwise,그렇지 않으면,csat
persistently,지속적으로,csat
generous,후한,csat
familial,가족의,csat
solidarity,연대,csat
feasting,잔치,csat
reassuring,걱정을 없애 주는,csat
nutritional,영양적인,csat
underestimate,과소평가하다,csat
ancestor,조상,csat
occasion,때,csat
self-reflect,자신을 돌아보다,csat
morality,도덕,csat
behave oneself,바르게 행동하다,csat
regulate,규제하다,csat
prosociality,친사회성,csat
self-diagnosis,자가 진단 ,csat
derive,얻다,csat
second-guess,사후에 비판하다,csat
plant-level data,공장 수준 데이터,csat
in the public interest,공익을 위한,csat
rarely,~하는 적이 거의 없는,csat
sensible,분별 있는,csat
statistical,통계상의,csat
thought experiment,사고 실험,csat
peasant,소작농,csat
conflicting,상충하는,csat
psychological,심리학의,csat
opposed to,~에 반대하는,csat
capital punishment,사형 제도,csat
death penalty,사형 제도,csat
counter-argument,반론,csat
convinced,확신하는,csat
validity,타당성,csat
multiple,다수의,csat
standardize,표준화하다,csat
objectively,객관적으로,csat
precision,정밀,csat
dosage,복용량,csat
investigator,조사관,csat
double back on oneself,왔던 길로 되돌아가다,csat
unpredictable,예측할 수 없는,csat
critically,중요하게도,csat
algorithm,알고리즘,csat
a bunch of,많은,csat
big picture,큰 그림,csat
consist of,~으로 구성되다,csat
colony,군집,csat
nest, 집,csat
backbone,중추,csat
organism,유기체,csat
physically,신체적으로,csat
humanity,인간,csat
internal,내부의,csat
crash,붕괴,csat
ceaseless,끊임없는,csat
self-awareness,자기 인식,csat
reference point,기준점,csat
subjective,주관적인,csat
stock market,주식 시장,csat
extensively,폭넓게,csat
come up with,~을 생각해 내다,csat
preservation,보존,csat
ape,유인원,csat
generation,세대,csat
guild,길드,csat
all-around,다재다능한,csat
repertoire,레퍼토리,csat
parlor song,응접실 노래,csat
musicianship,음악적 재능,csat
division of labor,분업,csat
urbanization,도시화,csat
minimum,최소한의,csat
determination,결의,csat
stand in the way,방해가 되다,csat
get in, 입학 허가를 받다,csat
conditional,조건부의,csat
commendable,칭찬할 만한,csat
scratch,긁힌 상처[자국],csat
bite,물기; 물다,csat
injury,상해,csat
loudly,큰 소리로,csat
charming,매력적인,csat
dying to do,몹시 ~하고 싶은,csat
gentle,부드러운,csat
be assured of,~에 대해 확신을 갖다,csat
company,함께 있음,csat
reaffirm,재확인하다,csat
context,환경,csat
additionally,게다가,csat
opponent, 상대,csat
pregame,경기 전의,csat
warm-up,준비 운동,csat
line up,줄을 서다,csat
cooperation,협력,csat
enforcement,시행,csat
side dish,곁가지 요리,csat
rub,문지르다,csat
delicacy,별미,csat
temptation,유혹,csat
pass up,~을 포기하다,csat
fall into place,제자리를 찾다,csat
notorious,악명이 높은,csat
align,조정[조절]하다,csat
calendar,일정표,csat
attendee,참석자,csat
requisite,필요한,csat
confer with,~과 협의하다,csat
consciousness,의식,csat
merit,~할 가치가 있다,csat
legitimate,정당한,csat
relate,언급하다,csat
neurobiologist,신경생리학자,csat
note,말하다,csat
in this day and age,요즘 같은 시대에,csat
realization,깨달음,csat
school supplies,학용품,csat
lunch counter,간이식당,csat
place an order,주문하다,csat
sit-in,연좌 농성,csat
picket,피켓 시위를 하다,csat
in support of,~을 지지하여,csat
veery,개똥지빠귀의 일종,csat
faintly,희미하게,csat
delicate,가냘픈,csat
incubate, 품다,csat
rear,기르다,csat
hatch,부화하다,csat
migrate,이동하다,csat
the military,군인,csat
express,표현하다,csat
at least,적어도,csat
fundraising,모금,csat
category,부문,csat
guideline,지침,csat
up to,~까지,csat
post,게재하다,csat
newsletter,소식지,csat
associate ~ with …,…과 ~을 연관 짓다,csat
inherit from,~에서 물려받다,csat
coupled with,~과 결합하여,csat
inclination,성향,csat
make for,~에 도움이 되다,csat
biocultural,생명문화적,csat
adaptation,적응,csat
all manner of,모든 종류의,csat
woodland,삼림 지대,csat
savanna, 대초원,csat
strike a deal,계약을 맺다,csat
territorial,영역의,csat
dominance,우위,csat
home court advantage,홈 코트 이점,csat
in distress,곤경에 처한,csat
industrialist,기업가,csat
counterpart,상대자,csat
capitalism,자본주의,csat
signify,나타내다,csat
uniquely,독특하게,csat
self-fulfilling,자기 충족적인,csat
be forced to,~하도록 강요당하다,csat
in effect,사실상,csat
bear with,~을 견디다,csat
fruitless,무의미한,csat
in the abstract,추상적으로,csat
concentration camp,강제 수용소,csat
despairing,절망한,csat
meditation,명상,csat
internalize,내면화하다,csat
appraise,평가하다,csat
tricky,까다로운,csat
stem from,~에서 비롯되다,csat
rather than,~이 아니라,csat
the other way around,반대로,csat
institutional,제도적인,csat
goods and services,재화와 용역,csat
capital,자본,csat
namely,즉,csat
household,가계,csat
in turn,결과적으로,csat
layer, 단계,csat
socialization,사회화,csat
acculturation,문화적 적응,csat
in the interests of,~을 위해,csat
offend,화나게 하다,csat
intimate,친한 사람,csat
negotiator,협상자,csat
distributive,분배적인,csat
mutually exclusive,상호 배타적인,csat
bargaining,협상,csat
integrative,통합적인,csat
confess,고백하다,csat
suggestive,시사하는 바가 많은,csat
runner-up,준우승자,csat
glory,영광,csat
power source,동력원,csat
dweller,거주자,csat
railway,철도,csat
roadbed,노면,csat
flag,정지 신호를 보내다,csat
pre-hired,미리 부른,csat
hay,건초,csat
oat,귀리,csat
dump,버리다,csat
right-of-way,공용 도로,csat
photoshoot,사진 촬영,csat
aspirational,동경의 대상인,csat
aesthetics,미학,csat
paradox,역설,csat
grief,슬픔,csat
depiction,묘사,csat
overwhelming,압도적인,csat
underline,강조하다,csat
unaccountable,설명할 수 없는,csat
disagreeable,불쾌한,csat
spectacle,광경,csat
living matter,생물,csat
applicable,적용될 수 있는,csat
atom,원자,csat
building block,구성 요소,csat
tissue, 조직,csat
exhibit,보이다,csat
decay,부패하다,csat
molecule,분자,csat
organic,유기의,csat
vital force,생기력,csat
substance,물질,csat
thereafter,그 후,csat
intervention,개입,csat
reside,존재하다,csat
successor,후계자,csat
charioteer,마부,csat
in a split second,눈 깜짝할 사이에,csat
princely,왕자다운,csat
majesty,위엄,csat
stretch out,~을 내밀다[뻗다],csat
alien,이국의,csat
gradually,점점,csat
estimated,예상의,csat
collectively,집단으로,csat
conservative,보수적인,csat
add up,늘어나다,csat
strict,엄격한,csat
profitable,수익성이 있는,csat
reminder,상기시키는 것,csat
caterer,출장 연회 업체 ,csat
treat,특별한 음식,csat
dust,먼지,csat
intended,의도된,csat
donate,기부하다,csat
decent,괜찮은,csat
electronics,전자 기기,csat
appliance,가전제품,csat
outdated,구식인,csat
finite,유한한,csat
fossil fuel,화석 연료,csat
extract,추출하다,csat
mindless,특별한 이유가 없는,csat
low-density,저밀도,csat
virgin land,미개간지,csat
in one’s wake,~의 결과로서,csat
on closer inspection,더 자세히 살펴보면,csat
zoning law,토지 이용 규제법,csat
legislator,입법자,csat
ad agency,광고 대행사,csat
credit line,신용 한도,csat
retailer,소매업자,csat
data-mining,데이터 마이닝,csat
be grateful for,~을 고맙게 여기다,csat
place,기회,csat
by no means,결코 ~이 아닌,csat
fade,사라져 가다,csat
take stock, 살펴보다,csat
thread,실마리,csat
emergence,출현,csat
bridge,메우다,csat
competitiveness,경쟁력,csat
capitalist,자본주의의; 자본가,csat
urgency,급박함,csat
cage,우리,csat
appealing,매력적인,csat
distinction,특별 대우,csat
the real deal,실질적인 것,csat
stroking,쓰다듬기,csat
distinctly,분명히,csat
verbal,언어적인,csat
heroism,영웅주의,csat
resistance,저항,csat
serve in the ranks,사병으로 복무하다,csat
brand new,신설의,csat
assistant director,조감독,csat
feature film,장편 영화,csat
recognition,인정,csat
draw on,~을 활용하다,csat
conscience,양심,csat
the former,전자,csat
capture,포착하다,csat
essence,본질,csat
submission,제출,csat
via,~을 통해,csat
craft,공예,csat
couch,소파,csat
costume jewelry,모조[의상] 장신구,csat
oil painting,유화,csat
nothing more than,~에 불과한,csat
passive,수동적인,csat
mediator,매개물,csat
fundamentally,근본적으로,csat
stamp,눌러 새긴 표시,csat
count,중요하다,csat
offstage,무대 뒤의,csat
circumstance,환경,csat
urge,충동,csat
take hold,자리를 잡다,csat
pursuit,추구,csat
hand down,~을 물려주다,csat
priesthood,성직자,csat
transportable,이동[운반] 가능한,csat
identical,같은,csat
empire,제정,csat
weigh up,평가하다,csat
clinical,임상의,csat
outcompete,경쟁에서 이기다,csat
high end,고급,csat
automation,자동화,csat
conclusive,확실한,csat
dual,이중의,csat
routine,일상적인,csat
workforce,노동력,csat
return on investment,투자 수익,csat
planet,행성,csat
microscopic,미시적인,csat
continent,대륙,csat
regenerate,재생하다,csat
unusually,유별나게,csat
accelerate,가속하다,csat
static,정적인,csat
cyclical,순환적인,csat
at the very least,적어도,csat
perspective,관점,csat
pay respect to,~을 존중하다,csat
sufficient,충분한,csat
constitute,구성하다,csat
orderly,질서 정연한,csat
court,법원,csat
audiovisual,시청각의,csat
seemingly,겉으로 보기에,csat
discomfort,불편함,csat
chronic,만성의,csat
side effect,부작용,csat
virtual,가상의,csat
motor,운동의,csat
precede,먼저 일어나다,csat
come about,일어나다,csat
consciously,의식적으로,csat
reflexive,반사적인,csat
instinctive,본능적인,csat
physiological,생리학적인,csat
telling,효과적으로 보여 주는,csat
generalized,일반적인,csat
purchasing power,구매력,csat
sweetheart,연인,csat
symbolize,상징하다,csat
insufficient,불충분한,csat
professionally,직업상으로,csat
downturn,침체,csat
lay off,~을 해고하다,csat
passionate,열정적인,csat
self-discipline,자제,csat
discourse,담론,csat
activism, 행동주의,csat
primacy,제일,csat
nation-state,민족 국가,csat
elevate,높이다,csat
uneven,한결같지 않은,csat
eyewitness account,목격자 진술,csat
offender,가해자,csat
constituency,유권자,csat
in the interest of,~을 위해,csat
biology,생물학,csat
physics,물리학,csat
spectrum,범위,csat
lone ranger,외로운 방랑자,csat
in isolation,고립된 채로,csat
biofuel,바이오 연료,csat
mode,방식,csat
organic matter,유기물,csat
sugar beet,사탕무,csat
supplement,보충하다,csat
ethanol,에탄올,csat
keep up,유지하다,csat
absorb,흡수하다,csat
fertilize,비료를 주다,csat
harvest,수확하다,csat
nationwide,전국적으로,csat
cropland,경작지,csat
wetland,습지,csat
take over,~을 차지하다,csat
schnauzer,슈나우저,csat
gorgeous,아주 멋진,csat
lean,날씬한,csat
lap,무릎,csat
nap,낮잠,csat
catch one’s breath,숨을 고르다,csat
after the fact, 사후에,csat
loose,헐거운,csat
disobedient,순종적이지 않은,csat
neighborhood,동네,csat
windmill,풍차,csat
chest,가슴,csat
